add_time,inviter,level,registerTime,scrollId,state
2020-04-28,"{""wid"": None}","{""name"": ""微客1级"", ""id"": 60165}",1585298823000,None,2
2020-04-28,"{""wid"": None}","{""name"": ""微客1级"", ""id"": 60165}",1588001015000,None,2
2020-04-28,"{""wid"": None}","{""name"": ""微客1级"", ""id"": 60165}",1587911560000,None,2
2020-04-28,"{""wid"": None}","{""name"": ""微客1级"", ""id"": 60165}",1587825439000,None,2
2020-04-28,"{""wid"": None}","{""name"": ""微客1级"", ""id"": 60165}",1587821450000,None,2
2020-04-28,"{""wid"": None}","{""name"": ""微客1级"", ""id"": 60165}",1587978984000,None,2
2020-04-28,"{""wid"": None}","{""name"": ""微客1级"", ""id"": 60165}",1587973030000,None,2
2020-04-28,"{""wid"": None}","{""name"": ""微客1级"", ""id"": 60165}",1587973694000,None,2
2020-04-28,"{""wid"": None}","{""name"": ""微客1级"", ""id"": 60165}",1587879697000,None,2
2020-04-28,"{""wid"": None}","{""name"": ""微客1级"", ""id"": 60165}",1587881698000,None,2
2020-04-28,"{""wid"": None}","{""name"": ""微客1级"", ""id"": 60165}",1587967761000,None,2
2020-04-28,"{""wid"": None}","{""name"": ""微客1级"", ""id"": 60165}",1587966972000,None,2
2020-04-28,"{""wid"": None}","{""name"": ""微客1级"", ""id"": 60165}",1587877740000,None,2
2020-04-28,"{""wid"": None}","{""name"": ""微客1级"", ""id"": 60165}",1587954772000,None,2
2020-04-28,"{""wid"": None}","{""name"": ""微客1级"", ""id"": 60165}",1587954807000,None,2
2020-04-28,"{""wid"": None}","{""name"": ""微客1级"", ""id"": 60165}",1586527416000,None,2
2020-04-28,"{""wid"": None}","{""name"": ""微客1级"", ""id"": 60165}",1587908053000,None,2
2020-04-28,"{""wid"": None}","{""name"": ""微客1级"", ""id"": 60165}",1585952060000,None,2
2020-04-28,"{""wid"": 1793729020}","{""name"": ""微客1级"", ""id"": 60165}",1587813581000,None,2
2020-04-28,"{""wid"": None}","{""name"": ""微客2级"", ""id"": 10001176}",1585893933000,None,2
2020-04-28,"{""wid"": 1793729020}","{""name"": ""微客1级"", ""id"": 60165}",1587912186000,None,2
2020-04-28,"{""wid"": None}","{""name"": ""微客1级"", ""id"": 60165}",1587911632000,None,2
2020-04-28,"{""wid"": None}","{""name"": ""微客1级"", ""id"": 60165}",1587906947000,None,2
2020-04-28,"{""wid"": None}","{""name"": ""微客1级"", ""id"": 60165}",1587904885000,None,2
2020-04-28,"{""wid"": 1742340908}","{""name"": ""微客1级"", ""id"": 60165}",1587900174000,None,2
2020-04-28,"{""wid"": 1742340908}","{""name"": ""微客1级"", ""id"": 60165}",1587899395000,None,2
2020-04-28,"{""wid"": 1742340908}","{""name"": ""微客1级"", ""id"": 60165}",1587899020000,None,2
2020-04-28,"{""wid"": None}","{""name"": ""微客1级"", ""id"": 60165}",1587898700000,None,2
2020-04-28,"{""wid"": None}","{""name"": ""微客1级"", ""id"": 60165}",1587884632000,None,2
2020-04-28,"{""wid"": None}","{""name"": ""微客1级"", ""id"": 60165}",1587885016000,None,2
2020-04-28,"{""wid"": 1733194707}","{""name"": ""微客1级"", ""id"": 60165}",1583394154000,None,2
2020-04-28,"{""wid"": None}","{""name"": ""微客1级"", ""id"": 60165}",1585580618000,None,2
2020-04-28,"{""wid"": None}","{""name"": ""微客1级"", ""id"": 60165}",1586584881000,None,2
2020-04-28,"{""wid"": None}","{""name"": ""微客1级"", ""id"": 60165}",1587875478000,None,2
2020-04-28,"{""wid"": None}","{""name"": ""微客1级"", ""id"": 60165}",1587876122000,None,2
2020-04-28,"{""wid"": None}","{""name"": ""微客1级"", ""id"": 60165}",1587106093000,None,2
2020-04-28,"{""wid"": None}","{""name"": ""微客1级"", ""id"": 60165}",1587105494000,None,2
2020-04-28,"{""wid"": None}","{""name"": ""微客1级"", ""id"": 60165}",1587870101000,None,2
2020-04-28,"{""wid"": None}","{""name"": ""微客1级"", ""id"": 60165}",1585634922000,None,2
2020-04-28,"{""wid"": None}","{""name"": ""微客1级"", ""id"": 60165}",1587867334000,None,2
2020-04-28,"{""wid"": None}","{""name"": ""微客1级"", ""id"": 60165}",1587768962000,None,2
2020-04-28,"{""wid"": None}","{""name"": ""微客1级"", ""id"": 60165}",1587843396000,None,2
2020-04-28,"{""wid"": None}","{""name"": ""微客1级"", ""id"": 60165}",1587563336000,None,2
2020-04-28,"{""wid"": None}","{""name"": ""微客1级"", ""id"": 60165}",1587807972000,None,2
2020-04-28,"{""wid"": None}","{""name"": ""微客1级"", ""id"": 60165}",1587820274000,None,2
2020-04-28,"{""wid"": None}","{""name"": ""微客1级"", ""id"": 60165}",1587657009000,None,2
2020-04-28,"{""wid"": None}","{""name"": ""微客1级"", ""id"": 60165}",1587557963000,None,2
2020-04-28,"{""wid"": None}","{""name"": ""微客1级"", ""id"": 60165}",1584852763000,None,2
2020-04-28,"{""wid"": None}","{""name"": ""微客1级"", ""id"": 60165}",1587813352000,None,2
2020-04-28,"{""wid"": None}","{""name"": ""微客1级"", ""id"": 60165}",1587813173000,None,2
2020-04-28,"{""wid"": None}","{""name"": ""微客1级"", ""id"": 60165}",1587817390000,None,2
2020-04-28,"{""wid"": None}","{""name"": ""微客1级"", ""id"": 60165}",1587814466000,None,2
2020-04-28,"{""wid"": None}","{""name"": ""微客1级"", ""id"": 60165}",1585523005000,None,2
2020-04-28,"{""wid"": None}","{""name"": ""微客1级"", ""id"": 60165}",1587124339000,None,2
2020-04-28,"{""wid"": None}","{""name"": ""微客1级"", ""id"": 60165}",1587813356000,None,2
2020-04-28,"{""wid"": None}","{""name"": ""微客1级"", ""id"": 60165}",1587813360000,None,2
2020-04-28,"{""wid"": None}","{""name"": ""微客1级"", ""id"": 60165}",1587816629000,None,2
2020-04-28,"{""wid"": None}","{""name"": ""微客1级"", ""id"": 60165}",1587812629000,None,2
2020-04-28,"{""wid"": None}","{""name"": ""微客1级"", ""id"": 60165}",1587813355000,None,2
2020-04-28,"{""wid"": None}","{""name"": ""微客1级"", ""id"": 60165}",1587812659000,None,2
2020-04-28,"{""wid"": None}","{""name"": ""微客1级"", ""id"": 60165}",1587812639000,None,2
2020-04-28,"{""wid"": None}","{""name"": ""微客1级"", ""id"": 60165}",1587813358000,None,2
2020-04-28,"{""wid"": None}","{""name"": ""微客1级"", ""id"": 60165}",1587813300000,None,2
2020-04-28,"{""wid"": None}","{""name"": ""微客1级"", ""id"": 60165}",1587473294000,None,2
2020-04-28,"{""wid"": None}","{""name"": ""微客1级"", ""id"": 60165}",1587813325000,None,2
2020-04-28,"{""wid"": None}","{""name"": ""微客1级"", ""id"": 60165}",1587816610000,None,2
2020-04-28,"{""wid"": None}","{""name"": ""微客1级"", ""id"": 60165}",1587813373000,None,2
2020-04-28,"{""wid"": None}","{""name"": ""微客1级"", ""id"": 60165}",1587816642000,None,2
2020-04-28,"{""wid"": None}","{""name"": ""微客1级"", ""id"": 60165}",1587812153000,None,2
2020-04-28,"{""wid"": None}","{""name"": ""微客1级"", ""id"": 60165}",1587815421000,None,2
2020-04-28,"{""wid"": None}","{""name"": ""微客1级"", ""id"": 60165}",1587815406000,None,2
2020-04-28,"{""wid"": None}","{""name"": ""微客1级"", ""id"": 60165}",1587812257000,None,2
2020-04-28,"{""wid"": None}","{""name"": ""微客1级"", ""id"": 60165}",1587812243000,None,2
2020-04-28,"{""wid"": None}","{""name"": ""微客1级"", ""id"": 60165}",1587813357000,None,2
2020-04-28,"{""wid"": None}","{""name"": ""微客1级"", ""id"": 60165}",1587812370000,None,2
2020-04-28,"{""wid"": None}","{""name"": ""微客1级"", ""id"": 60165}",1587813348000,None,2
2020-04-28,"{""wid"": None}","{""name"": ""微客1级"", ""id"": 60165}",1587815653000,None,2
2020-04-28,"{""wid"": None}","{""name"": ""微客1级"", ""id"": 60165}",1587813368000,None,2
2020-04-28,"{""wid"": None}","{""name"": ""微客1级"", ""id"": 60165}",1587815528000,None,2
2020-04-28,"{""wid"": None}","{""name"": ""微客1级"", ""id"": 60165}",1587815559000,None,2
2020-04-28,"{""wid"": None}","{""name"": ""微客1级"", ""id"": 60165}",1587815520000,None,2
2020-04-28,"{""wid"": None}","{""name"": ""微客1级"", ""id"": 60165}",1587815415000,None,2
2020-04-28,"{""wid"": None}","{""name"": ""微客1级"", ""id"": 60165}",1587813366000,None,2
2020-04-28,"{""wid"": None}","{""name"": ""微客1级"", ""id"": 60165}",1587813955000,None,2
2020-04-28,"{""wid"": None}","{""name"": ""微客1级"", ""id"": 60165}",1587813354000,None,2
2020-04-28,"{""wid"": None}","{""name"": ""微客1级"", ""id"": 60165}",1587812925000,None,2
2020-04-28,"{""wid"": None}","{""name"": ""微客1级"", ""id"": 60165}",1587812461000,None,2
2020-04-28,"{""wid"": None}","{""name"": ""微客1级"", ""id"": 60165}",1587812767000,None,2
2020-04-28,"{""wid"": None}","{""name"": ""微客1级"", ""id"": 60165}",1587812236000,None,2
2020-04-28,"{""wid"": None}","{""name"": ""微客1级"", ""id"": 60165}",1587812407000,None,2
2020-04-28,"{""wid"": None}","{""name"": ""微客1级"", ""id"": 60165}",1587812481000,None,2
2020-04-28,"{""wid"": None}","{""name"": ""微客1级"", ""id"": 60165}",1587812822000,None,2
2020-04-28,"{""wid"": None}","{""name"": ""微客1级"", ""id"": 60165}",1587467930000,None,2
2020-04-28,"{""wid"": None}","{""name"": ""微客1级"", ""id"": 60165}",1587555822000,None,2
2020-04-28,"{""wid"": None}","{""name"": ""微客1级"", ""id"": 60165}",1587812239000,None,2
2020-04-28,"{""wid"": None}","{""name"": ""微客1级"", ""id"": 60165}",1587812134000,None,2
2020-04-28,"{""wid"": None}","{""name"": ""微客1级"", ""id"": 60165}",1587812109000,None,2
2020-04-28,"{""wid"": None}","{""name"": ""微客1级"", ""id"": 60165}",1585214042000,None,2
2020-04-28,"{""wid"": None}","{""name"": ""微客1级"", ""id"": 60165}",1587799189000,None,2
2020-04-28,"{""wid"": None}","{""name"": ""微客1级"", ""id"": 60165}",1583300438000,None,2
2020-04-28,"{""wid"": None}","{""name"": ""微客1级"", ""id"": 60165}",1587775622000,None,2
2020-04-28,"{""wid"": None}","{""name"": ""微客1级"", ""id"": 60165}",1587736879000,None,2
2020-04-28,"{""wid"": None}","{""name"": ""微客1级"", ""id"": 60165}",1587728915000,None,2
2020-04-28,"{""wid"": None}","{""name"": ""微客1级"", ""id"": 60165}",1587728390000,None,2
2020-04-28,"{""wid"": None}","{""name"": ""微客1级"", ""id"": 60165}",1587556810000,None,2
2020-04-28,"{""wid"": None}","{""name"": ""微客1级"", ""id"": 60165}",1587718393000,None,2
2020-04-28,"{""wid"": None}","{""name"": ""微客1级"", ""id"": 60165}",1587716100000,None,2
2020-04-28,"{""wid"": None}","{""name"": ""微客1级"", ""id"": 60165}",1584507514000,None,2
2020-04-28,"{""wid"": None}","{""name"": ""微客1级"", ""id"": 60165}",1584323287000,None,2
2020-04-28,"{""wid"": None}","{""name"": ""微客1级"", ""id"": 60165}",1584757855000,None,2
2020-04-28,"{""wid"": 1744981922}","{""name"": ""微客1级"", ""id"": 60165}",1587644956000,None,2
2020-04-28,"{""wid"": 1744981922}","{""name"": ""微客1级"", ""id"": 60165}",1587644403000,None,2
2020-04-28,"{""wid"": None}","{""name"": ""微客1级"", ""id"": 60165}",1587643999000,None,2
2020-04-28,"{""wid"": None}","{""name"": ""微客1级"", ""id"": 60165}",1586436203000,None,2
2020-04-28,"{""wid"": None}","{""name"": ""微客1级"", ""id"": 60165}",1587643644000,None,2
2020-04-28,"{""wid"": None}","{""name"": ""微客1级"", ""id"": 60165}",1587641542000,None,2
2020-04-28,"{""wid"": None}","{""name"": ""微客1级"", ""id"": 60165}",1587642889000,None,2
2020-04-28,"{""wid"": None}","{""name"": ""微客1级"", ""id"": 60165}",1587642478000,None,2
2020-04-28,"{""wid"": None}","{""name"": ""微客1级"", ""id"": 60165}",1587641338000,None,2
2020-04-28,"{""wid"": None}","{""name"": ""微客1级"", ""id"": 60165}",1587641421000,None,2
2020-04-28,"{""wid"": None}","{""name"": ""微客1级"", ""id"": 60165}",1587640797000,None,2
2020-04-28,"{""wid"": None}","{""name"": ""微客1级"", ""id"": 60165}",1587640357000,None,2
2020-04-28,"{""wid"": None}","{""name"": ""微客1级"", ""id"": 60165}",1587640485000,None,2
2020-04-28,"{""wid"": None}","{""name"": ""微客1级"", ""id"": 60165}",1587640374000,None,2
2020-04-28,"{""wid"": None}","{""name"": ""微客1级"", ""id"": 60165}",1587640237000,None,2
2020-04-28,"{""wid"": None}","{""name"": ""微客1级"", ""id"": 60165}",1587640152000,None,2
2020-04-28,"{""wid"": None}","{""name"": ""微客1级"", ""id"": 60165}",1587640128000,None,2
2020-04-28,"{""wid"": None}","{""name"": ""微客1级"", ""id"": 60165}",1587640196000,None,2
2020-04-28,"{""wid"": None}","{""name"": ""微客1级"", ""id"": 60165}",1587640213000,None,2
2020-04-28,"{""wid"": None}","{""name"": ""微客1级"", ""id"": 60165}",1587640137000,None,2
2020-04-28,"{""wid"": None}","{""name"": ""微客1级"", ""id"": 60165}",1586436334000,None,2
2020-04-28,"{""wid"": 1733194707}","{""name"": ""微客1级"", ""id"": 60165}",1586433330000,None,2
2020-04-28,"{""wid"": None}","{""name"": ""微客1级"", ""id"": 60165}",1587639931000,None,2
2020-04-28,"{""wid"": None}","{""name"": ""微客1级"", ""id"": 60165}",1587639872000,None,2
2020-04-28,"{""wid"": None}","{""name"": ""微客1级"", ""id"": 60165}",1587639292000,None,2
2020-04-28,"{""wid"": 1733194707}","{""name"": ""微客1级"", ""id"": 60165}",1586437078000,None,2
2020-04-28,"{""wid"": None}","{""name"": ""微客1级"", ""id"": 60165}",1586430222000,None,2
2020-04-28,"{""wid"": None}","{""name"": ""微客1级"", ""id"": 60165}",1587621066000,None,2
2020-04-28,"{""wid"": None}","{""name"": ""微客1级"", ""id"": 60165}",1587606630000,None,2
2020-04-28,"{""wid"": None}","{""name"": ""微客1级"", ""id"": 60165}",1587563182000,None,2
2020-04-28,"{""wid"": None}","{""name"": ""微客1级"", ""id"": 60165}",1585630681000,None,2
2020-04-28,"{""wid"": None}","{""name"": ""微客1级"", ""id"": 60165}",1587556973000,None,2
2020-04-28,"{""wid"": None}","{""name"": ""微客1级"", ""id"": 60165}",1586648445000,None,2
2020-04-28,"{""wid"": None}","{""name"": ""微客1级"", ""id"": 60165}",1587552724000,None,2
2020-04-28,"{""wid"": None}","{""name"": ""微客1级"", ""id"": 60165}",1586675093000,None,2
2020-04-28,"{""wid"": None}","{""name"": ""微客1级"", ""id"": 60165}",1587549893000,None,2
2020-04-28,"{""wid"": None}","{""name"": ""微客1级"", ""id"": 60165}",1587546644000,None,2
2020-04-28,"{""wid"": None}","{""name"": ""微客1级"", ""id"": 60165}",1585614730000,None,2
2020-04-28,"{""wid"": None}","{""name"": ""微客1级"", ""id"": 60165}",1587509588000,None,2
2020-04-28,"{""wid"": None}","{""name"": ""微客1级"", ""id"": 60165}",1587484745000,None,2
2020-04-28,"{""wid"": None}","{""name"": ""微客1级"", ""id"": 60165}",1587516713000,None,2
2020-04-28,"{""wid"": None}","{""name"": ""微客1级"", ""id"": 60165}",1587307083000,None,2
2020-04-28,"{""wid"": None}","{""name"": ""微客2级"", ""id"": 10001176}",1584409844000,None,2
2020-04-28,"{""wid"": None}","{""name"": ""微客1级"", ""id"": 60165}",1587468157000,None,2
2020-04-28,"{""wid"": None}","{""name"": ""微客1级"", ""id"": 60165}",1584970772000,None,2
2020-04-28,"{""wid"": None}","{""name"": ""微客1级"", ""id"": 60165}",1585817097000,None,2
2020-04-28,"{""wid"": None}","{""name"": ""微客1级"", ""id"": 60165}",1587446959000,None,2
2020-04-28,"{""wid"": None}","{""name"": ""微客1级"", ""id"": 60165}",1587445295000,None,2
2020-04-28,"{""wid"": None}","{""name"": ""微客1级"", ""id"": 60165}",1587444152000,None,2
2020-04-28,"{""wid"": None}","{""name"": ""微客1级"", ""id"": 60165}",1587430302000,None,2
2020-04-28,"{""wid"": None}","{""name"": ""微客1级"", ""id"": 60165}",1584928149000,None,2
2020-04-28,"{""wid"": None}","{""name"": ""微客1级"", ""id"": 60165}",1587396620000,None,2
2020-04-28,"{""wid"": None}","{""name"": ""微客1级"", ""id"": 60165}",1585393931000,None,2
2020-04-28,"{""wid"": 1733134738}","{""name"": ""微客1级"", ""id"": 60165}",1584409164000,None,2
2020-04-28,"{""wid"": None}","{""name"": ""微客1级"", ""id"": 60165}",1587380135000,None,2
2020-04-28,"{""wid"": None}","{""name"": ""微客1级"", ""id"": 60165}",1586860540000,None,2
2020-04-28,"{""wid"": None}","{""name"": ""微客1级"", ""id"": 60165}",1586680982000,None,2
2020-04-28,"{""wid"": None}","{""name"": ""微客1级"", ""id"": 60165}",1586681223000,None,2
2020-04-28,"{""wid"": None}","{""name"": ""微客1级"", ""id"": 60165}",1587378301000,None,2
2020-04-28,"{""wid"": 1793729020}","{""name"": ""微客1级"", ""id"": 60165}",1587376274000,None,2
2020-04-28,"{""wid"": None}","{""name"": ""微客1级"", ""id"": 60165}",1587370889000,None,2
2020-04-28,"{""wid"": None}","{""name"": ""微客1级"", ""id"": 60165}",1587370939000,None,2
2020-04-28,"{""wid"": None}","{""name"": ""微客1级"", ""id"": 60165}",1587368750000,None,2
2020-04-28,"{""wid"": None}","{""name"": ""微客1级"", ""id"": 60165}",1587364262000,None,2
2020-04-28,"{""wid"": None}","{""name"": ""微客1级"", ""id"": 60165}",1587340761000,None,2
2020-04-28,"{""wid"": None}","{""name"": ""微客1级"", ""id"": 60165}",1587322534000,None,2
2020-04-28,"{""wid"": None}","{""name"": ""微客1级"", ""id"": 60165}",1587311180000,None,2
2020-04-28,"{""wid"": None}","{""name"": ""微客1级"", ""id"": 60165}",1587308580000,None,2
2020-04-28,"{""wid"": 1733676986}","{""name"": ""微客1级"", ""id"": 60165}",1587305942000,None,2
2020-04-28,"{""wid"": None}","{""name"": ""微客1级"", ""id"": 60165}",1587304170000,None,2
2020-04-28,"{""wid"": None}","{""name"": ""微客1级"", ""id"": 60165}",1586342905000,None,2
2020-04-28,"{""wid"": None}","{""name"": ""微客1级"", ""id"": 60165}",1587295430000,None,2
2020-04-28,"{""wid"": None}","{""name"": ""微客1级"", ""id"": 60165}",1587302862000,None,2
2020-04-28,"{""wid"": None}","{""name"": ""微客1级"", ""id"": 60165}",1587297317000,None,2
2020-04-28,"{""wid"": None}","{""name"": ""微客1级"", ""id"": 60165}",1587302451000,None,2
2020-04-28,"{""wid"": None}","{""name"": ""微客1级"", ""id"": 60165}",1587297378000,None,2
2020-04-28,"{""wid"": None}","{""name"": ""微客1级"", ""id"": 60165}",1587301938000,None,2
2020-04-28,"{""wid"": None}","{""name"": ""微客1级"", ""id"": 60165}",1587301843000,None,2
2020-04-28,"{""wid"": 1733676986}","{""name"": ""微客1级"", ""id"": 60165}",1587301819000,None,2
2020-04-28,"{""wid"": None}","{""name"": ""微客1级"", ""id"": 60165}",1587301529000,None,2
2020-04-28,"{""wid"": None}","{""name"": ""微客1级"", ""id"": 60165}",1587297010000,None,2
2020-04-28,"{""wid"": None}","{""name"": ""微客1级"", ""id"": 60165}",1587297094000,None,2
2020-04-28,"{""wid"": None}","{""name"": ""微客1级"", ""id"": 60165}",1587300179000,None,2
2020-04-28,"{""wid"": None}","{""name"": ""微客1级"", ""id"": 60165}",1587301329000,None,2
2020-04-28,"{""wid"": None}","{""name"": ""微客1级"", ""id"": 60165}",1587298263000,None,2
2020-04-28,"{""wid"": None}","{""name"": ""微客1级"", ""id"": 60165}",1587297161000,None,2
2020-04-28,"{""wid"": None}","{""name"": ""微客1级"", ""id"": 60165}",1587296247000,None,2
2020-04-28,"{""wid"": None}","{""name"": ""微客1级"", ""id"": 60165}",1587296460000,None,2
2020-04-28,"{""wid"": None}","{""name"": ""微客1级"", ""id"": 60165}",1587293765000,None,2
2020-04-28,"{""wid"": None}","{""name"": ""微客1级"", ""id"": 60165}",1587283744000,None,2
2020-04-28,"{""wid"": 1746276084}","{""name"": ""微客1级"", ""id"": 60165}",1587105608000,None,2
2020-04-28,"{""wid"": None}","{""name"": ""微客1级"", ""id"": 60165}",1587271377000,None,2
2020-04-28,"{""wid"": None}","{""name"": ""微客1级"", ""id"": 60165}",1586886598000,None,2
2020-04-28,"{""wid"": None}","{""name"": ""微客1级"", ""id"": 60165}",1587219584000,None,2
2020-04-28,"{""wid"": None}","{""name"": ""微客1级"", ""id"": 60165}",1587215842000,None,2
2020-04-28,"{""wid"": None}","{""name"": ""微客1级"", ""id"": 60165}",1587213151000,None,2
2020-04-28,"{""wid"": None}","{""name"": ""微客1级"", ""id"": 60165}",1587205308000,None,2
2020-04-28,"{""wid"": None}","{""name"": ""微客1级"", ""id"": 60165}",1587201223000,None,2
2020-04-28,"{""wid"": None}","{""name"": ""微客1级"", ""id"": 60165}",1587202550000,None,2
2020-04-28,"{""wid"": None}","{""name"": ""微客1级"", ""id"": 60165}",1586610985000,None,2
2020-04-28,"{""wid"": None}","{""name"": ""微客1级"", ""id"": 60165}",1587198911000,None,2
2020-04-28,"{""wid"": None}","{""name"": ""微客1级"", ""id"": 60165}",1584625962000,None,2
2020-04-28,"{""wid"": None}","{""name"": ""微客1级"", ""id"": 60165}",1587195448000,None,2
2020-04-28,"{""wid"": None}","{""name"": ""微客1级"", ""id"": 60165}",1587192891000,None,2
2020-04-28,"{""wid"": 1733617444}","{""name"": ""微客1级"", ""id"": 60165}",1583308441000,None,2
2020-04-28,"{""wid"": None}","{""name"": ""微客1级"", ""id"": 60165}",1587188207000,None,2
2020-04-28,"{""wid"": None}","{""name"": ""微客1级"", ""id"": 60165}",1584968880000,None,2
2020-04-28,"{""wid"": None}","{""name"": ""微客1级"", ""id"": 60165}",1587184952000,None,2
2020-04-28,"{""wid"": None}","{""name"": ""微客1级"", ""id"": 60165}",1587177038000,None,2
2020-04-28,"{""wid"": None}","{""name"": ""微客1级"", ""id"": 60165}",1585249147000,None,2
2020-04-28,"{""wid"": None}","{""name"": ""微客1级"", ""id"": 60165}",1587129124000,None,2
2020-04-28,"{""wid"": None}","{""name"": ""微客1级"", ""id"": 60165}",1587123727000,None,2
2020-04-28,"{""wid"": None}","{""name"": ""微客1级"", ""id"": 60165}",1587116721000,None,2
2020-04-28,"{""wid"": 1733617444}","{""name"": ""微客1级"", ""id"": 60165}",1583308440000,None,2
2020-04-28,"{""wid"": None}","{""name"": ""微客1级"", ""id"": 60165}",1587104713000,None,2
2020-04-28,"{""wid"": None}","{""name"": ""微客1级"", ""id"": 60165}",1587090978000,None,2
2020-04-28,"{""wid"": 1747274442}","{""name"": ""微客1级"", ""id"": 60165}",1586938011000,None,2
2020-04-28,"{""wid"": None}","{""name"": ""微客1级"", ""id"": 60165}",1587016877000,None,2
2020-04-28,"{""wid"": None}","{""name"": ""微客1级"", ""id"": 60165}",1587006064000,None,2
2020-04-28,"{""wid"": 1747274442}","{""name"": ""微客1级"", ""id"": 60165}",1587043495000,None,2
2020-04-28,"{""wid"": 1747274442}","{""name"": ""微客1级"", ""id"": 60165}",1586992596000,None,2
2020-04-28,"{""wid"": 1734588887}","{""name"": ""微客1级"", ""id"": 60165}",1587037380000,None,2
2020-04-28,"{""wid"": None}","{""name"": ""微客1级"", ""id"": 60165}",1587037247000,None,2
2020-04-28,"{""wid"": 1734588887}","{""name"": ""微客1级"", ""id"": 60165}",1587041891000,None,2
2020-04-28,"{""wid"": None}","{""name"": ""微客1级"", ""id"": 60165}",1587037208000,None,2
2020-04-28,"{""wid"": None}","{""name"": ""微客1级"", ""id"": 60165}",1587040368000,None,2
2020-04-28,"{""wid"": 1747274442}","{""name"": ""微客1级"", ""id"": 60165}",1586947719000,None,2
2020-04-28,"{""wid"": 1747274442}","{""name"": ""微客1级"", ""id"": 60165}",1586911550000,None,2
2020-04-28,"{""wid"": None}","{""name"": ""微客1级"", ""id"": 60165}",1587042256000,None,2
2020-04-28,"{""wid"": 1747274442}","{""name"": ""微客1级"", ""id"": 60165}",1586960577000,None,2
2020-04-28,"{""wid"": 1734588887}","{""name"": ""微客1级"", ""id"": 60165}",1587040366000,None,2
2020-04-28,"{""wid"": None}","{""name"": ""微客1级"", ""id"": 60165}",1587037207000,None,2
2020-04-28,"{""wid"": None}","{""name"": ""微客1级"", ""id"": 60165}",1587037328000,None,2
2020-04-28,"{""wid"": 1734588887}","{""name"": ""微客1级"", ""id"": 60165}",1587041054000,None,2
2020-04-28,"{""wid"": 1747274442}","{""name"": ""微客1级"", ""id"": 60165}",1586917488000,None,2
2020-04-28,"{""wid"": 1733141265}","{""name"": ""微客1级"", ""id"": 60165}",1587022512000,None,2
2020-04-28,"{""wid"": None}","{""name"": ""微客1级"", ""id"": 60165}",1587036996000,None,2
2020-04-28,"{""wid"": None}","{""name"": ""微客1级"", ""id"": 60165}",1587037413000,None,2
2020-04-28,"{""wid"": 1747274442}","{""name"": ""微客1级"", ""id"": 60165}",1586917558000,None,2
2020-04-28,"{""wid"": None}","{""name"": ""微客1级"", ""id"": 60165}",1587037140000,None,2
2020-04-28,"{""wid"": 1734588887}","{""name"": ""微客1级"", ""id"": 60165}",1587039190000,None,2
2020-04-28,"{""wid"": 1747274442}","{""name"": ""微客1级"", ""id"": 60165}",1586919488000,None,2
2020-04-28,"{""wid"": 1747274442}","{""name"": ""微客1级"", ""id"": 60165}",1587016996000,None,2
2020-04-28,"{""wid"": 1747274442}","{""name"": ""微客1级"", ""id"": 60165}",1586954568000,None,2
2020-04-28,"{""wid"": 1734588887}","{""name"": ""微客1级"", ""id"": 60165}",1587037226000,None,2
2020-04-28,"{""wid"": None}","{""name"": ""微客1级"", ""id"": 60165}",1587037198000,None,2
2020-04-28,"{""wid"": 1734588887}","{""name"": ""微客1级"", ""id"": 60165}",1587037260000,None,2
2020-04-28,"{""wid"": 1747274442}","{""name"": ""微客1级"", ""id"": 60165}",1586942710000,None,2
2020-04-28,"{""wid"": 1734588887}","{""name"": ""微客1级"", ""id"": 60165}",1587041104000,None,2
2020-04-28,"{""wid"": 1734588887}","{""name"": ""微客1级"", ""id"": 60165}",1587041028000,None,2
2020-04-28,"{""wid"": None}","{""name"": ""微客1级"", ""id"": 60165}",1587039642000,None,2
2020-04-28,"{""wid"": 1734588887}","{""name"": ""微客1级"", ""id"": 60165}",1587040932000,None,2
2020-04-28,"{""wid"": None}","{""name"": ""微客1级"", ""id"": 60165}",1587037243000,None,2
2020-04-28,"{""wid"": None}","{""name"": ""微客1级"", ""id"": 60165}",1587038900000,None,2
2020-04-28,"{""wid"": 1734588887}","{""name"": ""微客1级"", ""id"": 60165}",1587040402000,None,2
2020-04-28,"{""wid"": 1747274442}","{""name"": ""微客1级"", ""id"": 60165}",1587031397000,None,2
2020-04-28,"{""wid"": None}","{""name"": ""微客1级"", ""id"": 60165}",1587037782000,None,2
2020-04-28,"{""wid"": 1747274442}","{""name"": ""微客1级"", ""id"": 60165}",1586937259000,None,2
2020-04-28,"{""wid"": None}","{""name"": ""微客1级"", ""id"": 60165}",1587000006000,None,2
2020-04-28,"{""wid"": None}","{""name"": ""微客1级"", ""id"": 60165}",1587038611000,None,2
2020-04-28,"{""wid"": None}","{""name"": ""微客1级"", ""id"": 60165}",1587039704000,None,2
2020-04-28,"{""wid"": 1734588887}","{""name"": ""微客1级"", ""id"": 60165}",1587039202000,None,2
2020-04-28,"{""wid"": None}","{""name"": ""微客1级"", ""id"": 60165}",1587038471000,None,2
2020-04-28,"{""wid"": None}","{""name"": ""微客1级"", ""id"": 60165}",1587037664000,None,2
2020-04-28,"{""wid"": None}","{""name"": ""微客1级"", ""id"": 60165}",1587037166000,None,2
2020-04-28,"{""wid"": 1747274442}","{""name"": ""微客1级"", ""id"": 60165}",1586922791000,None,2
2020-04-28,"{""wid"": None}","{""name"": ""微客1级"", ""id"": 60165}",1587016037000,None,2
2020-04-28,"{""wid"": 1747274442}","{""name"": ""微客1级"", ""id"": 60165}",1587037210000,None,2
2020-04-28,"{""wid"": 1734588887}","{""name"": ""微客1级"", ""id"": 60165}",1587038406000,None,2
2020-04-28,"{""wid"": None}","{""name"": ""微客1级"", ""id"": 60165}",1587005806000,None,2
2020-04-28,"{""wid"": 1734588887}","{""name"": ""微客1级"", ""id"": 60165}",1587038675000,None,2
2020-04-28,"{""wid"": None}","{""name"": ""微客1级"", ""id"": 60165}",1587037812000,None,2
2020-04-28,"{""wid"": 1734588887}","{""name"": ""微客1级"", ""id"": 60165}",1587036798000,None,2
2020-04-28,"{""wid"": 1747274442}","{""name"": ""微客1级"", ""id"": 60165}",1587006609000,None,2
2020-04-28,"{""wid"": None}","{""name"": ""微客1级"", ""id"": 60165}",1587037439000,None,2
2020-04-28,"{""wid"": 1747274442}","{""name"": ""微客1级"", ""id"": 60165}",1586928471000,None,2
2020-04-28,"{""wid"": None}","{""name"": ""微客1级"", ""id"": 60165}",1587037200000,None,2
2020-04-28,"{""wid"": 1747274442}","{""name"": ""微客1级"", ""id"": 60165}",1587031401000,None,2
2020-04-28,"{""wid"": None}","{""name"": ""微客1级"", ""id"": 60165}",1587038360000,None,2
2020-04-28,"{""wid"": None}","{""name"": ""微客1级"", ""id"": 60165}",1587037323000,None,2
2020-04-28,"{""wid"": 1734588887}","{""name"": ""微客1级"", ""id"": 60165}",1587038301000,None,2
2020-04-28,"{""wid"": 1747274442}","{""name"": ""微客1级"", ""id"": 60165}",1586931073000,None,2
2020-04-28,"{""wid"": 1733141265}","{""name"": ""微客1级"", ""id"": 60165}",1587017224000,None,2
2020-04-28,"{""wid"": 1733141265}","{""name"": ""微客1级"", ""id"": 60165}",1587027176000,None,2
2020-04-28,"{""wid"": 1747274442}","{""name"": ""微客1级"", ""id"": 60165}",1587034562000,None,2
2020-04-28,"{""wid"": 1747274442}","{""name"": ""微客1级"", ""id"": 60165}",1586906170000,None,2
2020-04-28,"{""wid"": None}","{""name"": ""微客1级"", ""id"": 60165}",1587037206000,None,2
2020-04-28,"{""wid"": None}","{""name"": ""微客1级"", ""id"": 60165}",1586961329000,None,2
2020-04-28,"{""wid"": None}","{""name"": ""微客1级"", ""id"": 60165}",1586934360000,None,2
2020-04-28,"{""wid"": None}","{""name"": ""微客1级"", ""id"": 60165}",1587037354000,None,2
2020-04-28,"{""wid"": None}","{""name"": ""微客1级"", ""id"": 60165}",1587030575000,None,2
2020-04-28,"{""wid"": 1734588887}","{""name"": ""微客1级"", ""id"": 60165}",1587037411000,None,2
2020-04-28,"{""wid"": 1734588887}","{""name"": ""微客1级"", ""id"": 60165}",1587037403000,None,2
2020-04-28,"{""wid"": 1734588887}","{""name"": ""微客1级"", ""id"": 60165}",1587037295000,None,2
2020-04-28,"{""wid"": 1747274442}","{""name"": ""微客1级"", ""id"": 60165}",1587004392000,None,2
2020-04-28,"{""wid"": 1747274442}","{""name"": ""微客1级"", ""id"": 60165}",1587032156000,None,2
2020-04-28,"{""wid"": None}","{""name"": ""微客1级"", ""id"": 60165}",1587011429000,None,2
2020-04-28,"{""wid"": 1747274442}","{""name"": ""微客1级"", ""id"": 60165}",1586920112000,None,2
2020-04-28,"{""wid"": 1747274442}","{""name"": ""微客1级"", ""id"": 60165}",1586917714000,None,2
2020-04-28,"{""wid"": 1747274442}","{""name"": ""微客1级"", ""id"": 60165}",1586952696000,None,2
2020-04-28,"{""wid"": 1747274442}","{""name"": ""微客1级"", ""id"": 60165}",1586942952000,None,2
2020-04-28,"{""wid"": 1733141265}","{""name"": ""微客1级"", ""id"": 60165}",1587027520000,None,2
2020-04-28,"{""wid"": None}","{""name"": ""微客1级"", ""id"": 60165}",1587037135000,None,2
2020-04-28,"{""wid"": None}","{""name"": ""微客1级"", ""id"": 60165}",1587036923000,None,2
2020-04-28,"{""wid"": None}","{""name"": ""微客1级"", ""id"": 60165}",1587036872000,None,2
2020-04-28,"{""wid"": 1734588887}","{""name"": ""微客1级"", ""id"": 60165}",1587037153000,None,2
2020-04-28,"{""wid"": 1747274442}","{""name"": ""微客1级"", ""id"": 60165}",1587036807000,None,2
2020-04-28,"{""wid"": None}","{""name"": ""微客1级"", ""id"": 60165}",1587036790000,None,2
2020-04-28,"{""wid"": 1747274442}","{""name"": ""微客1级"", ""id"": 60165}",1587036689000,None,2
2020-04-28,"{""wid"": None}","{""name"": ""微客1级"", ""id"": 60165}",1587036417000,None,2
2020-04-28,"{""wid"": None}","{""name"": ""微客1级"", ""id"": 60165}",1587036361000,None,2
2020-04-28,"{""wid"": 1855340108}","{""name"": ""微客1级"", ""id"": 60165}",1587036047000,None,2
2020-04-28,"{""wid"": None}","{""name"": ""微客1级"", ""id"": 60165}",1587035986000,None,2
2020-04-28,"{""wid"": None}","{""name"": ""微客1级"", ""id"": 60165}",1587035922000,None,2
2020-04-28,"{""wid"": None}","{""name"": ""微客1级"", ""id"": 60165}",1587035658000,None,2
2020-04-28,"{""wid"": None}","{""name"": ""微客1级"", ""id"": 60165}",1587034959000,None,2
2020-04-28,"{""wid"": 1733141265}","{""name"": ""微客1级"", ""id"": 60165}",1587034554000,None,2
2020-04-28,"{""wid"": 1747274442}","{""name"": ""微客1级"", ""id"": 60165}",1587033063000,None,2
2020-04-28,"{""wid"": None}","{""name"": ""微客1级"", ""id"": 60165}",1587034033000,None,2
2020-04-28,"{""wid"": 1747274442}","{""name"": ""微客1级"", ""id"": 60165}",1587033813000,None,2
2020-04-28,"{""wid"": 1733141265}","{""name"": ""微客1级"", ""id"": 60165}",1587033158000,None,2
2020-04-28,"{""wid"": None}","{""name"": ""微客1级"", ""id"": 60165}",1587032963000,None,2
2020-04-28,"{""wid"": 1733141265}","{""name"": ""微客1级"", ""id"": 60165}",1587032614000,None,2
2020-04-28,"{""wid"": 1747274442}","{""name"": ""微客1级"", ""id"": 60165}",1587032450000,None,2
2020-04-28,"{""wid"": 1747274442}","{""name"": ""微客1级"", ""id"": 60165}",1587031681000,None,2
2020-04-28,"{""wid"": 1733141265}","{""name"": ""微客1级"", ""id"": 60165}",1587030805000,None,2
2020-04-28,"{""wid"": None}","{""name"": ""微客1级"", ""id"": 60165}",1587029269000,None,2
2020-04-28,"{""wid"": None}","{""name"": ""微客1级"", ""id"": 60165}",1587027683000,None,2
2020-04-28,"{""wid"": None}","{""name"": ""微客1级"", ""id"": 60165}",1587025124000,None,2
2020-04-28,"{""wid"": None}","{""name"": ""微客1级"", ""id"": 60165}",1587024769000,None,2
2020-04-28,"{""wid"": 1747274442}","{""name"": ""微客1级"", ""id"": 60165}",1587022590000,None,2
2020-04-28,"{""wid"": 1793729020}","{""name"": ""微客1级"", ""id"": 60165}",1586172612000,None,2
2020-04-28,"{""wid"": 1747274442}","{""name"": ""微客1级"", ""id"": 60165}",1587019932000,None,2
2020-04-28,"{""wid"": None}","{""name"": ""微客1级"", ""id"": 60165}",1587020137000,None,2
2020-04-28,"{""wid"": 1747274442}","{""name"": ""微客1级"", ""id"": 60165}",1587018339000,None,2
2020-04-28,"{""wid"": 1747274442}","{""name"": ""微客1级"", ""id"": 60165}",1587018379000,None,2
2020-04-28,"{""wid"": 1747274442}","{""name"": ""微客1级"", ""id"": 60165}",1586941904000,None,2
2020-04-28,"{""wid"": 1747274442}","{""name"": ""微客1级"", ""id"": 60165}",1587006428000,None,2
2020-04-28,"{""wid"": 1747274442}","{""name"": ""微客1级"", ""id"": 60165}",1587005050000,None,2
2020-04-28,"{""wid"": None}","{""name"": ""微客1级"", ""id"": 60165}",1587001305000,None,2
2020-04-28,"{""wid"": 1747274442}","{""name"": ""微客1级"", ""id"": 60165}",1586999497000,None,2
2020-04-28,"{""wid"": 1747274442}","{""name"": ""微客1级"", ""id"": 60165}",1586998799000,None,2
2020-04-28,"{""wid"": 1734520764}","{""name"": ""微客1级"", ""id"": 60165}",1586964631000,None,2
2020-04-28,"{""wid"": 1747274442}","{""name"": ""微客1级"", ""id"": 60165}",1586960566000,None,2
2020-04-28,"{""wid"": 1747274442}","{""name"": ""微客1级"", ""id"": 60165}",1586954712000,None,2
2020-04-28,"{""wid"": 1747274442}","{""name"": ""微客1级"", ""id"": 60165}",1586952464000,None,2
2020-04-28,"{""wid"": 1747274442}","{""name"": ""微客1级"", ""id"": 60165}",1586949569000,None,2
2020-04-28,"{""wid"": None}","{""name"": ""微客1级"", ""id"": 60165}",1586949016000,None,2
2020-04-28,"{""wid"": 1747274442}","{""name"": ""微客1级"", ""id"": 60165}",1586948563000,None,2
2020-04-28,"{""wid"": None}","{""name"": ""微客1级"", ""id"": 60165}",1586944323000,None,2
2020-04-28,"{""wid"": 1747274442}","{""name"": ""微客1级"", ""id"": 60165}",1586942999000,None,2
2020-04-28,"{""wid"": 1747274442}","{""name"": ""微客1级"", ""id"": 60165}",1586942228000,None,2
2020-04-28,"{""wid"": 1747274442}","{""name"": ""微客1级"", ""id"": 60165}",1586941504000,None,2
2020-04-28,"{""wid"": None}","{""name"": ""微客1级"", ""id"": 60165}",1586600587000,None,2
2020-04-28,"{""wid"": None}","{""name"": ""微客1级"", ""id"": 60165}",1586268595000,None,2
2020-04-28,"{""wid"": None}","{""name"": ""微客1级"", ""id"": 60165}",1586172107000,None,2
2020-04-28,"{""wid"": 1747274442}","{""name"": ""微客1级"", ""id"": 60165}",1586933587000,None,2
2020-04-28,"{""wid"": 1747274442}","{""name"": ""微客1级"", ""id"": 60165}",1586931039000,None,2
2020-04-28,"{""wid"": 1747274442}","{""name"": ""微客1级"", ""id"": 60165}",1586929651000,None,2
2020-04-28,"{""wid"": 1747274442}","{""name"": ""微客1级"", ""id"": 60165}",1586928606000,None,2
2020-04-28,"{""wid"": 1747274442}","{""name"": ""微客1级"", ""id"": 60165}",1586921718000,None,2
2020-04-28,"{""wid"": 1747274442}","{""name"": ""微客1级"", ""id"": 60165}",1586918078000,None,2
2020-04-28,"{""wid"": 1747274442}","{""name"": ""微客1级"", ""id"": 60165}",1586877747000,None,2
2020-04-28,"{""wid"": 1747274442}","{""name"": ""微客1级"", ""id"": 60165}",1586876606000,None,2
2020-04-28,"{""wid"": None}","{""name"": ""微客1级"", ""id"": 60165}",1586864777000,None,2
2020-04-28,"{""wid"": None}","{""name"": ""微客1级"", ""id"": 60165}",1586863416000,None,2
2020-04-28,"{""wid"": None}","{""name"": ""微客1级"", ""id"": 60165}",1586862124000,None,2
2020-04-28,"{""wid"": None}","{""name"": ""微客1级"", ""id"": 60165}",1586861350000,None,2
2020-04-28,"{""wid"": None}","{""name"": ""微客1级"", ""id"": 60165}",1586850717000,None,2
2020-04-28,"{""wid"": 1733134738}","{""name"": ""微客2级"", ""id"": 10001176}",1583760020000,None,2
2020-04-28,"{""wid"": None}","{""name"": ""微客1级"", ""id"": 60165}",1586846442000,None,2
2020-04-28,"{""wid"": None}","{""name"": ""微客1级"", ""id"": 60165}",1586774808000,None,2
2020-04-28,"{""wid"": None}","{""name"": ""微客1级"", ""id"": 60165}",1586845918000,None,2
2020-04-28,"{""wid"": None}","{""name"": ""微客1级"", ""id"": 60165}",1586843263000,None,2
2020-04-28,"{""wid"": 1749731242}","{""name"": ""微客1级"", ""id"": 60165}",1586840551000,None,2
2020-04-28,"{""wid"": None}","{""name"": ""微客1级"", ""id"": 60165}",1586833159000,None,2
2020-04-28,"{""wid"": None}","{""name"": ""微客1级"", ""id"": 60165}",1586825230000,None,2
2020-04-28,"{""wid"": None}","{""name"": ""微客1级"", ""id"": 60165}",1586823653000,None,2
2020-04-28,"{""wid"": 1734588887}","{""name"": ""微客1级"", ""id"": 60165}",1586767334000,None,2
2020-04-28,"{""wid"": None}","{""name"": ""微客1级"", ""id"": 60165}",1586821047000,None,2
2020-04-28,"{""wid"": None}","{""name"": ""微客1级"", ""id"": 60165}",1586780979000,None,2
2020-04-28,"{""wid"": None}","{""name"": ""微客1级"", ""id"": 60165}",1586779896000,None,2
2020-04-28,"{""wid"": None}","{""name"": ""微客1级"", ""id"": 60165}",1586620569000,None,2
2020-04-28,"{""wid"": None}","{""name"": ""微客1级"", ""id"": 60165}",1586772850000,None,2
2020-04-28,"{""wid"": None}","{""name"": ""微客1级"", ""id"": 60165}",1585622125000,None,2
2020-04-28,"{""wid"": None}","{""name"": ""微客1级"", ""id"": 60165}",1586768106000,None,2
2020-04-28,"{""wid"": None}","{""name"": ""微客1级"", ""id"": 60165}",1586767054000,None,2
2020-04-28,"{""wid"": None}","{""name"": ""微客1级"", ""id"": 60165}",1586764208000,None,2
2020-04-28,"{""wid"": None}","{""name"": ""微客1级"", ""id"": 60165}",1586763920000,None,2
2020-04-28,"{""wid"": None}","{""name"": ""微客1级"", ""id"": 60165}",1586763764000,None,2
2020-04-28,"{""wid"": None}","{""name"": ""微客1级"", ""id"": 60165}",1586757335000,None,2
2020-04-28,"{""wid"": None}","{""name"": ""微客1级"", ""id"": 60165}",1586757395000,None,2
2020-04-28,"{""wid"": None}","{""name"": ""微客1级"", ""id"": 60165}",1586750489000,None,2
2020-04-28,"{""wid"": None}","{""name"": ""微客1级"", ""id"": 60165}",1586744537000,None,2
2020-04-28,"{""wid"": None}","{""name"": ""微客1级"", ""id"": 60165}",1586742266000,None,2
2020-04-28,"{""wid"": None}","{""name"": ""微客1级"", ""id"": 60165}",1586694401000,None,2
2020-04-28,"{""wid"": 1793729020}","{""name"": ""微客1级"", ""id"": 60165}",1586585091000,None,2
2020-04-28,"{""wid"": None}","{""name"": ""微客1级"", ""id"": 60165}",1586691370000,None,2
2020-04-28,"{""wid"": None}","{""name"": ""微客1级"", ""id"": 60165}",1586689878000,None,2
2020-04-28,"{""wid"": None}","{""name"": ""微客1级"", ""id"": 60165}",1586688917000,None,2
2020-04-28,"{""wid"": None}","{""name"": ""微客1级"", ""id"": 60165}",1586688936000,None,2
2020-04-28,"{""wid"": None}","{""name"": ""微客1级"", ""id"": 60165}",1586687859000,None,2
2020-04-28,"{""wid"": None}","{""name"": ""微客1级"", ""id"": 60165}",1586681934000,None,2
2020-04-28,"{""wid"": None}","{""name"": ""微客1级"", ""id"": 60165}",1586681935000,None,2
2020-04-28,"{""wid"": None}","{""name"": ""微客1级"", ""id"": 60165}",1586679215000,None,2
2020-04-28,"{""wid"": None}","{""name"": ""微客1级"", ""id"": 60165}",1586677267000,None,2
2020-04-28,"{""wid"": None}","{""name"": ""微客1级"", ""id"": 60165}",1586674168000,None,2
2020-04-28,"{""wid"": None}","{""name"": ""微客1级"", ""id"": 60165}",1586673439000,None,2
2020-04-28,"{""wid"": None}","{""name"": ""微客1级"", ""id"": 60165}",1586672607000,None,2
2020-04-28,"{""wid"": None}","{""name"": ""微客1级"", ""id"": 60165}",1584687344000,None,2
2020-04-28,"{""wid"": None}","{""name"": ""微客1级"", ""id"": 60165}",1586670946000,None,2
2020-04-28,"{""wid"": None}","{""name"": ""微客1级"", ""id"": 60165}",1586669459000,None,2
2020-04-28,"{""wid"": None}","{""name"": ""微客1级"", ""id"": 60165}",1586665570000,None,2
2020-04-28,"{""wid"": None}","{""name"": ""微客1级"", ""id"": 60165}",1586660103000,None,2
2020-04-28,"{""wid"": None}","{""name"": ""微客1级"", ""id"": 60165}",1586659537000,None,2
2020-04-28,"{""wid"": None}","{""name"": ""微客1级"", ""id"": 60165}",1586190222000,None,2
2020-04-28,"{""wid"": None}","{""name"": ""微客1级"", ""id"": 60165}",1586654577000,None,2
2020-04-28,"{""wid"": None}","{""name"": ""微客1级"", ""id"": 60165}",1586591387000,None,2
2020-04-28,"{""wid"": 1793729020}","{""name"": ""微客1级"", ""id"": 60165}",1586161327000,None,2
2020-04-28,"{""wid"": None}","{""name"": ""微客1级"", ""id"": 60165}",1586602103000,None,2
2020-04-28,"{""wid"": None}","{""name"": ""微客1级"", ""id"": 60165}",1585114250000,None,2
2020-04-28,"{""wid"": None}","{""name"": ""微客1级"", ""id"": 60165}",1585731541000,None,2
2020-04-28,"{""wid"": None}","{""name"": ""微客1级"", ""id"": 60165}",1586430625000,None,2
2020-04-28,"{""wid"": None}","{""name"": ""微客1级"", ""id"": 60165}",1586595011000,None,2
2020-04-28,"{""wid"": None}","{""name"": ""微客1级"", ""id"": 60165}",1586592255000,None,2
2020-04-28,"{""wid"": None}","{""name"": ""微客2级"", ""id"": 10001176}",1585228967000,None,2
2020-04-28,"{""wid"": None}","{""name"": ""微客1级"", ""id"": 60165}",1586587121000,None,2
2020-04-28,"{""wid"": None}","{""name"": ""微客1级"", ""id"": 60165}",1586587073000,None,2
2020-04-28,"{""wid"": None}","{""name"": ""微客1级"", ""id"": 60165}",1586585399000,None,2
2020-04-28,"{""wid"": None}","{""name"": ""微客1级"", ""id"": 60165}",1586578641000,None,2
2020-04-28,"{""wid"": None}","{""name"": ""微客1级"", ""id"": 60165}",1586577612000,None,2
2020-04-28,"{""wid"": None}","{""name"": ""微客1级"", ""id"": 60165}",1586157994000,None,2
2020-04-28,"{""wid"": 1793729020}","{""name"": ""微客1级"", ""id"": 60165}",1586162056000,None,2
2020-04-28,"{""wid"": None}","{""name"": ""微客1级"", ""id"": 60165}",1586523843000,None,2
2020-04-28,"{""wid"": None}","{""name"": ""微客1级"", ""id"": 60165}",1586516221000,None,2
2020-04-28,"{""wid"": None}","{""name"": ""微客1级"", ""id"": 60165}",1586511934000,None,2
2020-04-28,"{""wid"": None}","{""name"": ""微客1级"", ""id"": 60165}",1586511857000,None,2
2020-04-28,"{""wid"": None}","{""name"": ""微客1级"", ""id"": 60165}",1586347475000,None,2
2020-04-28,"{""wid"": 1746359938}","{""name"": ""微客1级"", ""id"": 60165}",1585107710000,None,2
2020-04-28,"{""wid"": None}","{""name"": ""微客1级"", ""id"": 60165}",1586498321000,None,2
2020-04-28,"{""wid"": None}","{""name"": ""微客1级"", ""id"": 60165}",1585629786000,None,2
2020-04-28,"{""wid"": 1793729020}","{""name"": ""微客1级"", ""id"": 60165}",1586395996000,None,2
2020-04-28,"{""wid"": None}","{""name"": ""微客1级"", ""id"": 60165}",1586018702000,None,2
2020-04-28,"{""wid"": None}","{""name"": ""微客1级"", ""id"": 60165}",1586481199000,None,2
2020-04-28,"{""wid"": None}","{""name"": ""微客1级"", ""id"": 60165}",1586439628000,None,2
2020-04-28,"{""wid"": 1733194707}","{""name"": ""微客1级"", ""id"": 60165}",1586438878000,None,2
2020-04-28,"{""wid"": None}","{""name"": ""微客1级"", ""id"": 60165}",1586436304000,None,2
2020-04-28,"{""wid"": 1733194707}","{""name"": ""微客1级"", ""id"": 60165}",1586438909000,None,2
2020-04-28,"{""wid"": None}","{""name"": ""微客1级"", ""id"": 60165}",1584244828000,None,2
2020-04-28,"{""wid"": 1733194707}","{""name"": ""微客1级"", ""id"": 60165}",1586438538000,None,2
2020-04-28,"{""wid"": 1733194707}","{""name"": ""微客1级"", ""id"": 60165}",1586438529000,None,2
2020-04-28,"{""wid"": 1733194707}","{""name"": ""微客1级"", ""id"": 60165}",1586438401000,None,2
2020-04-28,"{""wid"": 1733194707}","{""name"": ""微客1级"", ""id"": 60165}",1586431781000,None,2
2020-04-28,"{""wid"": None}","{""name"": ""微客1级"", ""id"": 60165}",1586437049000,None,2
2020-04-28,"{""wid"": None}","{""name"": ""微客1级"", ""id"": 60165}",1586431827000,None,2
2020-04-28,"{""wid"": 1733194707}","{""name"": ""微客1级"", ""id"": 60165}",1586437135000,None,2
2020-04-28,"{""wid"": 1733194707}","{""name"": ""微客1级"", ""id"": 60165}",1586436235000,None,2
2020-04-28,"{""wid"": None}","{""name"": ""微客1级"", ""id"": 60165}",1586436284000,None,2
2020-04-28,"{""wid"": 1733194707}","{""name"": ""微客1级"", ""id"": 60165}",1586437031000,None,2
2020-04-28,"{""wid"": None}","{""name"": ""微客1级"", ""id"": 60165}",1586436303000,None,2
2020-04-28,"{""wid"": None}","{""name"": ""微客1级"", ""id"": 60165}",1586435378000,None,2
2020-04-28,"{""wid"": 1835344656}","{""name"": ""微客1级"", ""id"": 60165}",1586435381000,None,2
2020-04-28,"{""wid"": None}","{""name"": ""微客1级"", ""id"": 60165}",1585531610000,None,2
2020-04-28,"{""wid"": 1751633706}","{""name"": ""微客1级"", ""id"": 60165}",1586159186000,None,2
2020-04-28,"{""wid"": None}","{""name"": ""微客1级"", ""id"": 60165}",1586436995000,None,2
2020-04-28,"{""wid"": None}","{""name"": ""微客1级"", ""id"": 60165}",1586436146000,None,2
2020-04-28,"{""wid"": None}","{""name"": ""微客1级"", ""id"": 60165}",1586437021000,None,2
2020-04-28,"{""wid"": None}","{""name"": ""微客1级"", ""id"": 60165}",1586430581000,None,2
2020-04-28,"{""wid"": 1733194707}","{""name"": ""微客1级"", ""id"": 60165}",1586431826000,None,2
2020-04-28,"{""wid"": 1733194707}","{""name"": ""微客1级"", ""id"": 60165}",1586437035000,None,2
2020-04-28,"{""wid"": None}","{""name"": ""微客1级"", ""id"": 60165}",1586436298000,None,2
2020-04-28,"{""wid"": None}","{""name"": ""微客1级"", ""id"": 60165}",1586436243000,None,2
2020-04-28,"{""wid"": None}","{""name"": ""微客1级"", ""id"": 60165}",1586436318000,None,2
2020-04-28,"{""wid"": None}","{""name"": ""微客1级"", ""id"": 60165}",1586436277000,None,2
2020-04-28,"{""wid"": None}","{""name"": ""微客1级"", ""id"": 60165}",1586436787000,None,2
2020-04-28,"{""wid"": None}","{""name"": ""微客1级"", ""id"": 60165}",1586432133000,None,2
2020-04-28,"{""wid"": None}","{""name"": ""微客1级"", ""id"": 60165}",1586436249000,None,2
2020-04-28,"{""wid"": 1733194707}","{""name"": ""微客1级"", ""id"": 60165}",1586436780000,None,2
2020-04-28,"{""wid"": 1733194707}","{""name"": ""微客1级"", ""id"": 60165}",1586436286000,None,2
2020-04-28,"{""wid"": 1733194707}","{""name"": ""微客1级"", ""id"": 60165}",1586436691000,None,2
2020-04-28,"{""wid"": None}","{""name"": ""微客1级"", ""id"": 60165}",1586432490000,None,2
2020-04-28,"{""wid"": 1733194707}","{""name"": ""微客1级"", ""id"": 60165}",1586436490000,None,2
2020-04-28,"{""wid"": 1744981922}","{""name"": ""微客1级"", ""id"": 60165}",1586431781000,None,2
2020-04-28,"{""wid"": None}","{""name"": ""微客1级"", ""id"": 60165}",1586436286000,None,2
2020-04-28,"{""wid"": None}","{""name"": ""微客1级"", ""id"": 60165}",1584947958000,None,2
2020-04-28,"{""wid"": None}","{""name"": ""微客1级"", ""id"": 60165}",1586431838000,None,2
2020-04-28,"{""wid"": None}","{""name"": ""微客1级"", ""id"": 60165}",1586436228000,None,2
2020-04-28,"{""wid"": 1733194707}","{""name"": ""微客1级"", ""id"": 60165}",1586433869000,None,2
2020-04-28,"{""wid"": None}","{""name"": ""微客1级"", ""id"": 60165}",1586436256000,None,2
2020-04-28,"{""wid"": 1733194707}","{""name"": ""微客1级"", ""id"": 60165}",1586431938000,None,2
2020-04-28,"{""wid"": None}","{""name"": ""微客1级"", ""id"": 60165}",1586436274000,None,2
2020-04-28,"{""wid"": 1733194707}","{""name"": ""微客1级"", ""id"": 60165}",1586436285000,None,2
2020-04-28,"{""wid"": None}","{""name"": ""微客1级"", ""id"": 60165}",1586436096000,None,2
2020-04-28,"{""wid"": None}","{""name"": ""微客1级"", ""id"": 60165}",1586430809000,None,2
2020-04-28,"{""wid"": None}","{""name"": ""微客1级"", ""id"": 60165}",1585129275000,None,2
2020-04-28,"{""wid"": 1733194707}","{""name"": ""微客1级"", ""id"": 60165}",1586436232000,None,2
2020-04-28,"{""wid"": None}","{""name"": ""微客1级"", ""id"": 60165}",1586430779000,None,2
2020-04-28,"{""wid"": None}","{""name"": ""微客1级"", ""id"": 60165}",1586436280000,None,2
2020-04-28,"{""wid"": None}","{""name"": ""微客1级"", ""id"": 60165}",1586431531000,None,2
2020-04-28,"{""wid"": None}","{""name"": ""微客1级"", ""id"": 60165}",1586436260000,None,2
2020-04-28,"{""wid"": None}","{""name"": ""微客1级"", ""id"": 60165}",1586436233000,None,2
2020-04-28,"{""wid"": 1733194707}","{""name"": ""微客1级"", ""id"": 60165}",1586433522000,None,2
2020-04-28,"{""wid"": None}","{""name"": ""微客1级"", ""id"": 60165}",1586431828000,None,2
2020-04-28,"{""wid"": None}","{""name"": ""微客1级"", ""id"": 60165}",1586436244000,None,2
2020-04-28,"{""wid"": None}","{""name"": ""微客1级"", ""id"": 60165}",1586430796000,None,2
2020-04-28,"{""wid"": None}","{""name"": ""微客1级"", ""id"": 60165}",1586431807000,None,2
2020-04-28,"{""wid"": None}","{""name"": ""微客1级"", ""id"": 60165}",1586435238000,None,2
2020-04-28,"{""wid"": None}","{""name"": ""微客1级"", ""id"": 60165}",1586434966000,None,2
2020-04-28,"{""wid"": None}","{""name"": ""微客1级"", ""id"": 60165}",1586432537000,None,2
2020-04-28,"{""wid"": None}","{""name"": ""微客1级"", ""id"": 60165}",1586434736000,None,2
2020-04-28,"{""wid"": 1733194707}","{""name"": ""微客1级"", ""id"": 60165}",1586433621000,None,2
2020-04-28,"{""wid"": 1733194707}","{""name"": ""微客1级"", ""id"": 60165}",1586432632000,None,2
2020-04-28,"{""wid"": None}","{""name"": ""微客1级"", ""id"": 60165}",1586431785000,None,2
2020-04-28,"{""wid"": 1733194707}","{""name"": ""微客1级"", ""id"": 60165}",1586432136000,None,2
2020-04-28,"{""wid"": 1733194707}","{""name"": ""微客1级"", ""id"": 60165}",1586432624000,None,2
2020-04-28,"{""wid"": None}","{""name"": ""微客1级"", ""id"": 60165}",1586432811000,None,2
2020-04-28,"{""wid"": 1733194707}","{""name"": ""微客1级"", ""id"": 60165}",1586432638000,None,2
2020-04-28,"{""wid"": None}","{""name"": ""微客1级"", ""id"": 60165}",1586432364000,None,2
2020-04-28,"{""wid"": 1733194707}","{""name"": ""微客1级"", ""id"": 60165}",1586432095000,None,2
2020-04-28,"{""wid"": None}","{""name"": ""微客1级"", ""id"": 60165}",1586431900000,None,2
2020-04-28,"{""wid"": 1733194707}","{""name"": ""微客1级"", ""id"": 60165}",1586431563000,None,2
2020-04-28,"{""wid"": None}","{""name"": ""微客1级"", ""id"": 60165}",1586431211000,None,2
2020-04-28,"{""wid"": None}","{""name"": ""微客1级"", ""id"": 60165}",1586431971000,None,2
2020-04-28,"{""wid"": None}","{""name"": ""微客1级"", ""id"": 60165}",1586431768000,None,2
2020-04-28,"{""wid"": None}","{""name"": ""微客1级"", ""id"": 60165}",1586431762000,None,2
2020-04-28,"{""wid"": None}","{""name"": ""微客1级"", ""id"": 60165}",1586431196000,None,2
2020-04-28,"{""wid"": 1733194707}","{""name"": ""微客1级"", ""id"": 60165}",1586431825000,None,2
2020-04-28,"{""wid"": None}","{""name"": ""微客1级"", ""id"": 60165}",1586431781000,None,2
2020-04-28,"{""wid"": None}","{""name"": ""微客1级"", ""id"": 60165}",1586431760000,None,2
2020-04-28,"{""wid"": None}","{""name"": ""微客1级"", ""id"": 60165}",1586431772000,None,2
2020-04-28,"{""wid"": None}","{""name"": ""微客1级"", ""id"": 60165}",1586431763000,None,2
2020-04-28,"{""wid"": None}","{""name"": ""微客1级"", ""id"": 60165}",1586431769000,None,2
2020-04-28,"{""wid"": None}","{""name"": ""微客1级"", ""id"": 60165}",1586431778000,None,2
2020-04-28,"{""wid"": 1751633706}","{""name"": ""微客1级"", ""id"": 60165}",1585913914000,None,2
2020-04-28,"{""wid"": None}","{""name"": ""微客1级"", ""id"": 60165}",1586431779000,None,2
2020-04-28,"{""wid"": 1733194707}","{""name"": ""微客1级"", ""id"": 60165}",1586431750000,None,2
2020-04-28,"{""wid"": 1733194707}","{""name"": ""微客1级"", ""id"": 60165}",1586431779000,None,2
2020-04-28,"{""wid"": 1733194707}","{""name"": ""微客1级"", ""id"": 60165}",1586431680000,None,2
2020-04-28,"{""wid"": None}","{""name"": ""微客1级"", ""id"": 60165}",1586431317000,None,2
2020-04-28,"{""wid"": 1733194707}","{""name"": ""微客1级"", ""id"": 60165}",1586431247000,None,2
2020-04-28,"{""wid"": None}","{""name"": ""微客1级"", ""id"": 60165}",1586430922000,None,2
2020-04-28,"{""wid"": None}","{""name"": ""微客1级"", ""id"": 60165}",1586431035000,None,2
2020-04-28,"{""wid"": None}","{""name"": ""微客1级"", ""id"": 60165}",1586430674000,None,2
2020-04-28,"{""wid"": None}","{""name"": ""微客1级"", ""id"": 60165}",1586430630000,None,2
2020-04-28,"{""wid"": None}","{""name"": ""微客1级"", ""id"": 60165}",1586430697000,None,2
2020-04-28,"{""wid"": None}","{""name"": ""微客1级"", ""id"": 60165}",1586430669000,None,2
2020-04-28,"{""wid"": None}","{""name"": ""微客1级"", ""id"": 60165}",1586430700000,None,2
2020-04-28,"{""wid"": None}","{""name"": ""微客1级"", ""id"": 60165}",1586430683000,None,2
2020-04-28,"{""wid"": None}","{""name"": ""微客1级"", ""id"": 60165}",1586430545000,None,2
2020-04-28,"{""wid"": None}","{""name"": ""微客1级"", ""id"": 60165}",1586421809000,None,2
2020-04-28,"{""wid"": None}","{""name"": ""微客1级"", ""id"": 60165}",1586418656000,None,2
2020-04-28,"{""wid"": 1793729020}","{""name"": ""微客1级"", ""id"": 60165}",1586317599000,None,2
2020-04-28,"{""wid"": None}","{""name"": ""微客1级"", ""id"": 60165}",1586418131000,None,2
2020-04-28,"{""wid"": None}","{""name"": ""微客1级"", ""id"": 60165}",1586417607000,None,2
2020-04-28,"{""wid"": None}","{""name"": ""微客1级"", ""id"": 60165}",1586415240000,None,2
2020-04-28,"{""wid"": None}","{""name"": ""微客1级"", ""id"": 60165}",1586414079000,None,2
2020-04-28,"{""wid"": None}","{""name"": ""微客1级"", ""id"": 60165}",1586412299000,None,2
2020-04-28,"{""wid"": None}","{""name"": ""微客1级"", ""id"": 60165}",1586407680000,None,2
2020-04-28,"{""wid"": None}","{""name"": ""微客1级"", ""id"": 60165}",1586405341000,None,2
2020-04-28,"{""wid"": None}","{""name"": ""微客1级"", ""id"": 60165}",1586406743000,None,2
2020-04-28,"{""wid"": None}","{""name"": ""微客1级"", ""id"": 60165}",1586404059000,None,2
2020-04-28,"{""wid"": None}","{""name"": ""微客1级"", ""id"": 60165}",1586403825000,None,2
2020-04-28,"{""wid"": None}","{""name"": ""微客1级"", ""id"": 60165}",1586360397000,None,2
2020-04-28,"{""wid"": 1749731242}","{""name"": ""微客1级"", ""id"": 60165}",1586360855000,None,2
2020-04-28,"{""wid"": None}","{""name"": ""微客1级"", ""id"": 60165}",1584606699000,None,2
2020-04-28,"{""wid"": None}","{""name"": ""微客1级"", ""id"": 60165}",1586343060000,None,2
2020-04-28,"{""wid"": 1747086314}","{""name"": ""微客1级"", ""id"": 60165}",1585271422000,None,2
2020-04-28,"{""wid"": None}","{""name"": ""微客1级"", ""id"": 60165}",1586338713000,None,2
2020-04-28,"{""wid"": None}","{""name"": ""微客1级"", ""id"": 60165}",1586183149000,None,2
2020-04-28,"{""wid"": None}","{""name"": ""微客1级"", ""id"": 60165}",1586337131000,None,2
2020-04-28,"{""wid"": None}","{""name"": ""微客1级"", ""id"": 60165}",1586268825000,None,2
2020-04-28,"{""wid"": None}","{""name"": ""微客1级"", ""id"": 60165}",1586332576000,None,2
2020-04-28,"{""wid"": None}","{""name"": ""微客1级"", ""id"": 60165}",1586332335000,None,2
2020-04-28,"{""wid"": None}","{""name"": ""微客1级"", ""id"": 60165}",1586331151000,None,2
2020-04-28,"{""wid"": None}","{""name"": ""微客1级"", ""id"": 60165}",1585580080000,None,2
2020-04-28,"{""wid"": None}","{""name"": ""微客1级"", ""id"": 60165}",1586323151000,None,2
2020-04-28,"{""wid"": None}","{""name"": ""微客1级"", ""id"": 60165}",1586321196000,None,2
2020-04-28,"{""wid"": None}","{""name"": ""微客1级"", ""id"": 60165}",1584945170000,None,2
2020-04-28,"{""wid"": None}","{""name"": ""微客1级"", ""id"": 60165}",1586269902000,None,2
2020-04-28,"{""wid"": None}","{""name"": ""微客1级"", ""id"": 60165}",1586268586000,None,2
2020-04-28,"{""wid"": None}","{""name"": ""微客1级"", ""id"": 60165}",1586253784000,None,2
2020-04-28,"{""wid"": None}","{""name"": ""微客1级"", ""id"": 60165}",1586249842000,None,2
2020-04-28,"{""wid"": None}","{""name"": ""微客1级"", ""id"": 60165}",1586246932000,None,2
2020-04-28,"{""wid"": None}","{""name"": ""微客1级"", ""id"": 60165}",1586245740000,None,2
2020-04-28,"{""wid"": None}","{""name"": ""微客1级"", ""id"": 60165}",1586242585000,None,2
2020-04-28,"{""wid"": None}","{""name"": ""微客1级"", ""id"": 60165}",1586245531000,None,2
2020-04-28,"{""wid"": None}","{""name"": ""微客1级"", ""id"": 60165}",1584758363000,None,2
2020-04-28,"{""wid"": None}","{""name"": ""微客1级"", ""id"": 60165}",1584757640000,None,2
2020-04-28,"{""wid"": None}","{""name"": ""微客1级"", ""id"": 60165}",1586239152000,None,2
2020-04-28,"{""wid"": None}","{""name"": ""微客1级"", ""id"": 60165}",1586238266000,None,2
2020-04-28,"{""wid"": None}","{""name"": ""微客1级"", ""id"": 60165}",1585614013000,None,2
2020-04-28,"{""wid"": None}","{""name"": ""微客1级"", ""id"": 60165}",1586157501000,None,2
2020-04-28,"{""wid"": None}","{""name"": ""微客1级"", ""id"": 60165}",1586086252000,None,2
2020-04-28,"{""wid"": 1733397187}","{""name"": ""微客1级"", ""id"": 60165}",1583326323000,None,2
2020-04-28,"{""wid"": None}","{""name"": ""微客1级"", ""id"": 60165}",1586147973000,None,2
2020-04-28,"{""wid"": None}","{""name"": ""微客1级"", ""id"": 60165}",1586147229000,None,2
2020-04-28,"{""wid"": None}","{""name"": ""微客1级"", ""id"": 60165}",1586143857000,None,2
2020-04-28,"{""wid"": None}","{""name"": ""微客1级"", ""id"": 60165}",1586080964000,None,2
2020-04-28,"{""wid"": None}","{""name"": ""微客1级"", ""id"": 60165}",1586125517000,None,2
2020-04-28,"{""wid"": None}","{""name"": ""微客1级"", ""id"": 60165}",1585901001000,None,2
2020-04-28,"{""wid"": None}","{""name"": ""微客1级"", ""id"": 60165}",1586081662000,None,2
2020-04-28,"{""wid"": None}","{""name"": ""微客1级"", ""id"": 60165}",1586078189000,None,2
2020-04-28,"{""wid"": None}","{""name"": ""微客1级"", ""id"": 60165}",1586078192000,None,2
2020-04-28,"{""wid"": None}","{""name"": ""微客1级"", ""id"": 60165}",1586076213000,None,2
2020-04-28,"{""wid"": None}","{""name"": ""微客1级"", ""id"": 60165}",1586075432000,None,2
2020-04-28,"{""wid"": None}","{""name"": ""微客1级"", ""id"": 60165}",1586071507000,None,2
2020-04-28,"{""wid"": None}","{""name"": ""微客1级"", ""id"": 60165}",1586064730000,None,2
2020-04-28,"{""wid"": None}","{""name"": ""微客1级"", ""id"": 60165}",1586062832000,None,2
2020-04-28,"{""wid"": None}","{""name"": ""微客1级"", ""id"": 60165}",1585631502000,None,2
2020-04-28,"{""wid"": None}","{""name"": ""微客1级"", ""id"": 60165}",1585827853000,None,2
2020-04-28,"{""wid"": None}","{""name"": ""微客1级"", ""id"": 60165}",1586047079000,None,2
2020-04-28,"{""wid"": None}","{""name"": ""微客1级"", ""id"": 60165}",1585258439000,None,2
2020-04-28,"{""wid"": None}","{""name"": ""微客1级"", ""id"": 60165}",1585988773000,None,2
2020-04-28,"{""wid"": None}","{""name"": ""微客1级"", ""id"": 60165}",1585967568000,None,2
2020-04-28,"{""wid"": None}","{""name"": ""微客1级"", ""id"": 60165}",1585977869000,None,2
2020-04-28,"{""wid"": None}","{""name"": ""微客1级"", ""id"": 60165}",1585924142000,None,2
2020-04-28,"{""wid"": None}","{""name"": ""微客1级"", ""id"": 60165}",1585790003000,None,2
2020-04-28,"{""wid"": 1751633706}","{""name"": ""微客1级"", ""id"": 60165}",1585911212000,None,2
2020-04-28,"{""wid"": None}","{""name"": ""微客1级"", ""id"": 60165}",1585537720000,None,2
2020-04-28,"{""wid"": 1751633706}","{""name"": ""微客1级"", ""id"": 60165}",1585913904000,None,2
2020-04-28,"{""wid"": 1751633706}","{""name"": ""微客1级"", ""id"": 60165}",1586410355000,None,2
2020-04-28,"{""wid"": None}","{""name"": ""微客1级"", ""id"": 60165}",1585898758000,None,2
2020-04-28,"{""wid"": None}","{""name"": ""微客1级"", ""id"": 60165}",1585889776000,None,2
2020-04-28,"{""wid"": None}","{""name"": ""微客1级"", ""id"": 60165}",1585228790000,None,2
2020-04-28,"{""wid"": None}","{""name"": ""微客1级"", ""id"": 60165}",1585206515000,None,2
2020-04-28,"{""wid"": None}","{""name"": ""微客1级"", ""id"": 60165}",1585823791000,None,2
2020-04-28,"{""wid"": None}","{""name"": ""微客1级"", ""id"": 60165}",1585823616000,None,2
2020-04-28,"{""wid"": None}","{""name"": ""微客1级"", ""id"": 60165}",1585824442000,None,2
2020-04-28,"{""wid"": None}","{""name"": ""微客1级"", ""id"": 60165}",1585735885000,None,2
2020-04-28,"{""wid"": None}","{""name"": ""微客1级"", ""id"": 60165}",1585801257000,None,2
2020-04-28,"{""wid"": None}","{""name"": ""微客1级"", ""id"": 60165}",1585794774000,None,2
2020-04-28,"{""wid"": None}","{""name"": ""微客1级"", ""id"": 60165}",1585790989000,None,2
2020-04-28,"{""wid"": None}","{""name"": ""微客1级"", ""id"": 60165}",1585123395000,None,2
2020-04-28,"{""wid"": 1749878722}","{""name"": ""微客1级"", ""id"": 60165}",1585359411000,None,2
2020-04-28,"{""wid"": None}","{""name"": ""微客1级"", ""id"": 60165}",1584974443000,None,2
2020-04-28,"{""wid"": None}","{""name"": ""微客1级"", ""id"": 60165}",1585117838000,None,2
2020-04-28,"{""wid"": 1748955761}","{""name"": ""微客1级"", ""id"": 60165}",1585736484000,None,2
2020-04-28,"{""wid"": None}","{""name"": ""微客1级"", ""id"": 60165}",1585732647000,None,2
2020-04-28,"{""wid"": None}","{""name"": ""微客1级"", ""id"": 60165}",1585727058000,None,2
2020-04-28,"{""wid"": None}","{""name"": ""微客1级"", ""id"": 60165}",1585374948000,None,2
2020-04-28,"{""wid"": None}","{""name"": ""微客1级"", ""id"": 60165}",1585630322000,None,2
2020-04-28,"{""wid"": None}","{""name"": ""微客1级"", ""id"": 60165}",1585717837000,None,2
2020-04-28,"{""wid"": None}","{""name"": ""微客1级"", ""id"": 60165}",1584969763000,None,2
2020-04-28,"{""wid"": None}","{""name"": ""微客1级"", ""id"": 60165}",1584436480000,None,2
2020-04-28,"{""wid"": None}","{""name"": ""微客1级"", ""id"": 60165}",1585704299000,None,2
2020-04-28,"{""wid"": 1733397187}","{""name"": ""微客1级"", ""id"": 60165}",1584323144000,None,2
2020-04-28,"{""wid"": 1747086314}","{""name"": ""微客1级"", ""id"": 60165}",1585704593000,None,2
2020-04-28,"{""wid"": None}","{""name"": ""微客1级"", ""id"": 60165}",1585668301000,None,2
2020-04-28,"{""wid"": None}","{""name"": ""微客1级"", ""id"": 60165}",1585665951000,None,2
2020-04-28,"{""wid"": None}","{""name"": ""微客1级"", ""id"": 60165}",1585659350000,None,2
2020-04-28,"{""wid"": None}","{""name"": ""微客1级"", ""id"": 60165}",1585598826000,None,2
2020-04-28,"{""wid"": 1737738937}","{""name"": ""微客1级"", ""id"": 60165}",1585138023000,None,2
2020-04-28,"{""wid"": None}","{""name"": ""微客2级"", ""id"": 10001176}",1583308347000,None,2
2020-04-28,"{""wid"": None}","{""name"": ""微客1级"", ""id"": 60165}",1584931797000,None,2
2020-04-28,"{""wid"": None}","{""name"": ""微客1级"", ""id"": 60165}",1585641038000,None,2
2020-04-28,"{""wid"": None}","{""name"": ""微客1级"", ""id"": 60165}",1584837813000,None,2
2020-04-28,"{""wid"": None}","{""name"": ""微客1级"", ""id"": 60165}",1585579892000,None,2
2020-04-28,"{""wid"": None}","{""name"": ""微客1级"", ""id"": 60165}",1585638068000,None,2
2020-04-28,"{""wid"": None}","{""name"": ""微客1级"", ""id"": 60165}",1585602116000,None,2
2020-04-28,"{""wid"": None}","{""name"": ""微客1级"", ""id"": 60165}",1585620890000,None,2
2020-04-28,"{""wid"": None}","{""name"": ""微客1级"", ""id"": 60165}",1585563201000,None,2
2020-04-28,"{""wid"": None}","{""name"": ""微客1级"", ""id"": 60165}",1585579030000,None,2
2020-04-28,"{""wid"": None}","{""name"": ""微客1级"", ""id"": 60165}",1585580750000,None,2
2020-04-28,"{""wid"": None}","{""name"": ""微客1级"", ""id"": 60165}",1585624673000,None,2
2020-04-28,"{""wid"": None}","{""name"": ""微客1级"", ""id"": 60165}",1585636007000,None,2
2020-04-28,"{""wid"": None}","{""name"": ""微客1级"", ""id"": 60165}",1585623092000,None,2
2020-04-28,"{""wid"": None}","{""name"": ""微客1级"", ""id"": 60165}",1585622402000,None,2
2020-04-28,"{""wid"": None}","{""name"": ""微客1级"", ""id"": 60165}",1585621725000,None,2
2020-04-28,"{""wid"": None}","{""name"": ""微客1级"", ""id"": 60165}",1585621404000,None,2
2020-04-28,"{""wid"": None}","{""name"": ""微客1级"", ""id"": 60165}",1585583967000,None,2
2020-04-28,"{""wid"": None}","{""name"": ""微客1级"", ""id"": 60165}",1585619452000,None,2
2020-04-28,"{""wid"": None}","{""name"": ""微客1级"", ""id"": 60165}",1585616358000,None,2
2020-04-28,"{""wid"": None}","{""name"": ""微客1级"", ""id"": 60165}",1585614734000,None,2
2020-04-28,"{""wid"": None}","{""name"": ""微客1级"", ""id"": 60165}",1585291791000,None,2
2020-04-28,"{""wid"": 1742527868}","{""name"": ""微客1级"", ""id"": 60165}",1585233956000,None,2
2020-04-28,"{""wid"": None}","{""name"": ""微客1级"", ""id"": 60165}",1583817387000,None,2
2020-04-28,"{""wid"": None}","{""name"": ""微客1级"", ""id"": 60165}",1584758856000,None,2
2020-04-28,"{""wid"": None}","{""name"": ""微客1级"", ""id"": 60165}",1583308416000,None,2
2020-04-28,"{""wid"": None}","{""name"": ""微客1级"", ""id"": 60165}",1585542706000,None,2
2020-04-28,"{""wid"": None}","{""name"": ""微客1级"", ""id"": 60165}",1585527507000,None,2
2020-04-28,"{""wid"": None}","{""name"": ""微客1级"", ""id"": 60165}",1584591090000,None,2
2020-04-28,"{""wid"": None}","{""name"": ""微客1级"", ""id"": 60165}",1585280319000,None,2
2020-04-28,"{""wid"": None}","{""name"": ""微客1级"", ""id"": 60165}",1585520136000,None,2
2020-04-28,"{""wid"": None}","{""name"": ""微客1级"", ""id"": 60165}",1585528511000,None,2
2020-04-28,"{""wid"": None}","{""name"": ""微客1级"", ""id"": 60165}",1587716657000,None,2
2020-04-28,"{""wid"": None}","{""name"": ""微客1级"", ""id"": 60165}",1583643654000,None,2
2020-04-28,"{""wid"": None}","{""name"": ""微客1级"", ""id"": 60165}",1585265260000,None,2
2020-04-28,"{""wid"": None}","{""name"": ""微客1级"", ""id"": 60165}",1585469961000,None,2
2020-04-28,"{""wid"": None}","{""name"": ""微客1级"", ""id"": 60165}",1585399257000,None,2
2020-04-28,"{""wid"": None}","{""name"": ""微客1级"", ""id"": 60165}",1585473069000,None,2
2020-04-28,"{""wid"": None}","{""name"": ""微客1级"", ""id"": 60165}",1585470535000,None,2
2020-04-28,"{""wid"": None}","{""name"": ""微客1级"", ""id"": 60165}",1585470391000,None,2
2020-04-28,"{""wid"": 1822373067}","{""name"": ""微客1级"", ""id"": 60165}",1585461388000,None,2
2020-04-28,"{""wid"": None}","{""name"": ""微客1级"", ""id"": 60165}",1585468173000,None,2
2020-04-28,"{""wid"": None}","{""name"": ""微客1级"", ""id"": 60165}",1585228787000,None,2
2020-04-28,"{""wid"": None}","{""name"": ""微客1级"", ""id"": 60165}",1585405533000,None,2
2020-04-28,"{""wid"": None}","{""name"": ""微客1级"", ""id"": 60165}",1585408097000,None,2
2020-04-28,"{""wid"": None}","{""name"": ""微客1级"", ""id"": 60165}",1585455835000,None,2
2020-04-28,"{""wid"": None}","{""name"": ""微客1级"", ""id"": 60165}",1584684007000,None,2
2020-04-28,"{""wid"": None}","{""name"": ""微客1级"", ""id"": 60165}",1585452386000,None,2
2020-04-28,"{""wid"": 1736543255}","{""name"": ""微客1级"", ""id"": 60165}",1585195328000,None,2
2020-04-28,"{""wid"": None}","{""name"": ""微客1级"", ""id"": 60165}",1585443466000,None,2
2020-04-28,"{""wid"": None}","{""name"": ""微客1级"", ""id"": 60165}",1585444834000,None,2
2020-04-28,"{""wid"": None}","{""name"": ""微客1级"", ""id"": 60165}",1585412601000,None,2
2020-04-28,"{""wid"": 1735170481}","{""name"": ""微客1级"", ""id"": 60165}",1584331900000,None,2
2020-04-28,"{""wid"": None}","{""name"": ""微客1级"", ""id"": 60165}",1584992091000,None,2
2020-04-28,"{""wid"": None}","{""name"": ""微客1级"", ""id"": 60165}",1585402718000,None,2
2020-04-28,"{""wid"": None}","{""name"": ""微客1级"", ""id"": 60165}",1585398332000,None,2
2020-04-28,"{""wid"": None}","{""name"": ""微客1级"", ""id"": 60165}",1585115560000,None,2
2020-04-28,"{""wid"": None}","{""name"": ""微客1级"", ""id"": 60165}",1584692133000,None,2
2020-04-28,"{""wid"": None}","{""name"": ""微客1级"", ""id"": 60165}",1586190871000,None,2
2020-04-28,"{""wid"": None}","{""name"": ""微客1级"", ""id"": 60165}",1585304057000,None,2
2020-04-28,"{""wid"": None}","{""name"": ""微客1级"", ""id"": 60165}",1585374422000,None,2
2020-04-28,"{""wid"": None}","{""name"": ""微客1级"", ""id"": 60165}",1585374306000,None,2
2020-04-28,"{""wid"": None}","{""name"": ""微客1级"", ""id"": 60165}",1585366108000,None,2
2020-04-28,"{""wid"": None}","{""name"": ""微客1级"", ""id"": 60165}",1585965756000,None,2
2020-04-28,"{""wid"": None}","{""name"": ""微客1级"", ""id"": 60165}",1585299464000,None,2
2020-04-28,"{""wid"": None}","{""name"": ""微客1级"", ""id"": 60165}",1585560323000,None,2
2020-04-28,"{""wid"": None}","{""name"": ""微客1级"", ""id"": 60165}",1585060488000,None,2
2020-04-28,"{""wid"": None}","{""name"": ""微客1级"", ""id"": 60165}",1585403622000,None,2
2020-04-28,"{""wid"": None}","{""name"": ""微客1级"", ""id"": 60165}",1585315395000,None,2
2020-04-28,"{""wid"": None}","{""name"": ""微客1级"", ""id"": 60165}",1585228864000,None,2
2020-04-28,"{""wid"": None}","{""name"": ""微客1级"", ""id"": 60165}",1586177166000,None,2
2020-04-28,"{""wid"": None}","{""name"": ""微客1级"", ""id"": 60165}",1585304109000,None,2
2020-04-28,"{""wid"": None}","{""name"": ""微客1级"", ""id"": 60165}",1585224528000,None,2
2020-04-28,"{""wid"": 1750145141}","{""name"": ""微客1级"", ""id"": 60165}",1585296568000,None,2
2020-04-28,"{""wid"": None}","{""name"": ""微客1级"", ""id"": 60165}",1585624313000,None,2
2020-04-28,"{""wid"": None}","{""name"": ""微客1级"", ""id"": 60165}",1585108631000,None,2
2020-04-28,"{""wid"": None}","{""name"": ""微客1级"", ""id"": 60165}",1584187840000,None,2
2020-04-28,"{""wid"": None}","{""name"": ""微客1级"", ""id"": 60165}",1585289299000,None,2
2020-04-28,"{""wid"": None}","{""name"": ""微客1级"", ""id"": 60165}",1584714739000,None,2
2020-04-28,"{""wid"": None}","{""name"": ""微客1级"", ""id"": 60165}",1585032867000,None,2
2020-04-28,"{""wid"": None}","{""name"": ""微客1级"", ""id"": 60165}",1585281380000,None,2
2020-04-28,"{""wid"": None}","{""name"": ""微客1级"", ""id"": 60165}",1585123081000,None,2
2020-04-28,"{""wid"": None}","{""name"": ""微客1级"", ""id"": 60165}",1585281868000,None,2
2020-04-28,"{""wid"": None}","{""name"": ""微客1级"", ""id"": 60165}",1585038449000,None,2
2020-04-28,"{""wid"": 1735170481}","{""name"": ""微客1级"", ""id"": 60165}",1584261528000,None,2
2020-04-28,"{""wid"": None}","{""name"": ""微客1级"", ""id"": 60165}",1585278623000,None,2
2020-04-28,"{""wid"": None}","{""name"": ""微客1级"", ""id"": 60165}",1585278206000,None,2
2020-04-28,"{""wid"": 1745711656}","{""name"": ""微客1级"", ""id"": 60165}",1585277332000,None,2
2020-04-28,"{""wid"": None}","{""name"": ""微客1级"", ""id"": 60165}",1585273935000,None,2
2020-04-28,"{""wid"": None}","{""name"": ""微客1级"", ""id"": 60165}",1585273907000,None,2
2020-04-28,"{""wid"": None}","{""name"": ""微客1级"", ""id"": 60165}",1585273269000,None,2
2020-04-28,"{""wid"": 1743765334}","{""name"": ""微客1级"", ""id"": 60165}",1585272927000,None,2
2020-04-28,"{""wid"": None}","{""name"": ""微客1级"", ""id"": 60165}",1585223988000,None,2
2020-04-28,"{""wid"": None}","{""name"": ""微客1级"", ""id"": 60165}",1585263603000,None,2
2020-04-28,"{""wid"": None}","{""name"": ""微客1级"", ""id"": 60165}",1585261392000,None,2
2020-04-28,"{""wid"": None}","{""name"": ""微客1级"", ""id"": 60165}",1585242127000,None,2
2020-04-28,"{""wid"": None}","{""name"": ""微客1级"", ""id"": 60165}",1585407625000,None,2
2020-04-28,"{""wid"": None}","{""name"": ""微客1级"", ""id"": 60165}",1585232803000,None,2
2020-04-28,"{""wid"": 1746187151}","{""name"": ""微客1级"", ""id"": 60165}",1585232816000,None,2
2020-04-28,"{""wid"": None}","{""name"": ""微客1级"", ""id"": 60165}",1583762181000,None,2
2020-04-28,"{""wid"": None}","{""name"": ""微客1级"", ""id"": 60165}",1585121618000,None,2
2020-04-28,"{""wid"": None}","{""name"": ""微客1级"", ""id"": 60165}",1584113019000,None,2
2020-04-28,"{""wid"": None}","{""name"": ""微客1级"", ""id"": 60165}",1585111164000,None,2
2020-04-28,"{""wid"": None}","{""name"": ""微客1级"", ""id"": 60165}",1583928549000,None,2
2020-04-28,"{""wid"": None}","{""name"": ""微客1级"", ""id"": 60165}",1585230137000,None,2
2020-04-28,"{""wid"": None}","{""name"": ""微客1级"", ""id"": 60165}",1584588651000,None,2
2020-04-28,"{""wid"": None}","{""name"": ""微客1级"", ""id"": 60165}",1585217854000,None,2
2020-04-28,"{""wid"": None}","{""name"": ""微客1级"", ""id"": 60165}",1585291543000,None,2
2020-04-28,"{""wid"": None}","{""name"": ""微客1级"", ""id"": 60165}",1585053689000,None,2
2020-04-28,"{""wid"": None}","{""name"": ""微客1级"", ""id"": 60165}",1585217697000,None,2
2020-04-28,"{""wid"": None}","{""name"": ""微客1级"", ""id"": 60165}",1585211699000,None,2
2020-04-28,"{""wid"": None}","{""name"": ""微客1级"", ""id"": 60165}",1584918046000,None,2
2020-04-28,"{""wid"": None}","{""name"": ""微客1级"", ""id"": 60165}",1585025558000,None,2
2020-04-28,"{""wid"": None}","{""name"": ""微客1级"", ""id"": 60165}",1585214398000,None,2
2020-04-28,"{""wid"": None}","{""name"": ""微客1级"", ""id"": 60165}",1585209202000,None,2
2020-04-28,"{""wid"": None}","{""name"": ""微客1级"", ""id"": 60165}",1585213676000,None,2
2020-04-28,"{""wid"": None}","{""name"": ""微客1级"", ""id"": 60165}",1585213590000,None,2
2020-04-28,"{""wid"": None}","{""name"": ""微客1级"", ""id"": 60165}",1585212438000,None,2
2020-04-28,"{""wid"": 1746924040}","{""name"": ""微客1级"", ""id"": 60165}",1585042231000,None,2
2020-04-28,"{""wid"": None}","{""name"": ""微客1级"", ""id"": 60165}",1585209263000,None,2
2020-04-28,"{""wid"": 1739307229}","{""name"": ""微客1级"", ""id"": 60165}",1587281802000,None,2
2020-04-28,"{""wid"": None}","{""name"": ""微客1级"", ""id"": 60165}",1584776052000,None,2
2020-04-28,"{""wid"": None}","{""name"": ""微客1级"", ""id"": 60165}",1585228396000,None,2
2020-04-28,"{""wid"": None}","{""name"": ""微客1级"", ""id"": 60165}",1585173424000,None,2
2020-04-28,"{""wid"": None}","{""name"": ""微客1级"", ""id"": 60165}",1585452265000,None,2
2020-04-28,"{""wid"": None}","{""name"": ""微客1级"", ""id"": 60165}",1585205521000,None,2
2020-04-28,"{""wid"": None}","{""name"": ""微客1级"", ""id"": 60165}",1585143268000,None,2
2020-04-28,"{""wid"": None}","{""name"": ""微客1级"", ""id"": 60165}",1585205439000,None,2
2020-04-28,"{""wid"": None}","{""name"": ""微客1级"", ""id"": 60165}",1585203694000,None,2
2020-04-28,"{""wid"": None}","{""name"": ""微客1级"", ""id"": 60165}",1585200170000,None,2
2020-04-28,"{""wid"": None}","{""name"": ""微客1级"", ""id"": 60165}",1585127931000,None,2
2020-04-28,"{""wid"": None}","{""name"": ""微客1级"", ""id"": 60165}",1585315292000,None,2
2020-04-28,"{""wid"": None}","{""name"": ""微客1级"", ""id"": 60165}",1585195017000,None,2
2020-04-28,"{""wid"": None}","{""name"": ""微客1级"", ""id"": 60165}",1585195216000,None,2
2020-04-28,"{""wid"": None}","{""name"": ""微客1级"", ""id"": 60165}",1585195210000,None,2
2020-04-28,"{""wid"": None}","{""name"": ""微客1级"", ""id"": 60165}",1585194668000,None,2
2020-04-28,"{""wid"": None}","{""name"": ""微客1级"", ""id"": 60165}",1585118258000,None,2
2020-04-28,"{""wid"": None}","{""name"": ""微客1级"", ""id"": 60165}",1583567752000,None,2
2020-04-28,"{""wid"": None}","{""name"": ""微客1级"", ""id"": 60165}",1585142833000,None,2
2020-04-28,"{""wid"": 1742340908}","{""name"": ""微客1级"", ""id"": 60165}",1585131697000,None,2
2020-04-28,"{""wid"": None}","{""name"": ""微客1级"", ""id"": 60165}",1586855836000,None,2
2020-04-28,"{""wid"": None}","{""name"": ""微客1级"", ""id"": 60165}",1585404571000,None,2
2020-04-28,"{""wid"": None}","{""name"": ""微客1级"", ""id"": 60165}",1584973704000,None,2
2020-04-28,"{""wid"": None}","{""name"": ""微客1级"", ""id"": 60165}",1585125020000,None,2
2020-04-28,"{""wid"": None}","{""name"": ""微客1级"", ""id"": 60165}",1585123274000,None,2
2020-04-28,"{""wid"": None}","{""name"": ""微客1级"", ""id"": 60165}",1583759747000,None,2
2020-04-28,"{""wid"": None}","{""name"": ""微客1级"", ""id"": 60165}",1585123449000,None,2
2020-04-28,"{""wid"": None}","{""name"": ""微客1级"", ""id"": 60165}",1584922229000,None,2
2020-04-28,"{""wid"": None}","{""name"": ""微客1级"", ""id"": 60165}",1585112201000,None,2
2020-04-28,"{""wid"": None}","{""name"": ""微客1级"", ""id"": 60165}",1585110662000,None,2
2020-04-28,"{""wid"": None}","{""name"": ""微客1级"", ""id"": 60165}",1584789807000,None,2
2020-04-28,"{""wid"": None}","{""name"": ""微客1级"", ""id"": 60165}",1585048322000,None,2
2020-04-28,"{""wid"": None}","{""name"": ""微客1级"", ""id"": 60165}",1585052658000,None,2
2020-04-28,"{""wid"": None}","{""name"": ""微客1级"", ""id"": 60165}",1585092497000,None,2
2020-04-28,"{""wid"": None}","{""name"": ""微客1级"", ""id"": 60165}",1585056788000,None,2
2020-04-28,"{""wid"": None}","{""name"": ""微客1级"", ""id"": 60165}",1585050181000,None,2
2020-04-28,"{""wid"": None}","{""name"": ""微客1级"", ""id"": 60165}",1585049341000,None,2
2020-04-28,"{""wid"": None}","{""name"": ""微客1级"", ""id"": 60165}",1584685727000,None,2
2020-04-28,"{""wid"": None}","{""name"": ""微客1级"", ""id"": 60165}",1585029990000,None,2
2020-04-28,"{""wid"": None}","{""name"": ""微客1级"", ""id"": 60165}",1585041084000,None,2
2020-04-28,"{""wid"": None}","{""name"": ""微客1级"", ""id"": 60165}",1585040644000,None,2
2020-04-28,"{""wid"": None}","{""name"": ""微客1级"", ""id"": 60165}",1583902163000,None,2
2020-04-28,"{""wid"": None}","{""name"": ""微客1级"", ""id"": 60165}",1585039362000,None,2
2020-04-28,"{""wid"": None}","{""name"": ""微客1级"", ""id"": 60165}",1584668561000,None,2
2020-04-28,"{""wid"": None}","{""name"": ""微客1级"", ""id"": 60165}",1584945343000,None,2
2020-04-28,"{""wid"": None}","{""name"": ""微客1级"", ""id"": 60165}",1585017475000,None,2
2020-04-28,"{""wid"": None}","{""name"": ""微客1级"", ""id"": 60165}",1584695346000,None,2
2020-04-28,"{""wid"": None}","{""name"": ""微客1级"", ""id"": 60165}",1584979190000,None,2
2020-04-28,"{""wid"": None}","{""name"": ""微客1级"", ""id"": 60165}",1584626866000,None,2
2020-04-28,"{""wid"": 1733676581}","{""name"": ""微客1级"", ""id"": 60165}",1583764028000,None,2
2020-04-28,"{""wid"": 1733135237}","{""name"": ""微客1级"", ""id"": 60165}",1585293945000,None,2
2020-04-28,"{""wid"": None}","{""name"": ""微客1级"", ""id"": 60165}",1585226369000,None,2
2020-04-28,"{""wid"": None}","{""name"": ""微客1级"", ""id"": 60165}",1584960786000,None,2
2020-04-28,"{""wid"": 1733198458}","{""name"": ""微客1级"", ""id"": 60165}",1583308912000,None,2
2020-04-28,"{""wid"": None}","{""name"": ""微客1级"", ""id"": 60165}",1584946259000,None,2
2020-04-28,"{""wid"": None}","{""name"": ""微客1级"", ""id"": 60165}",1583560842000,None,2
2020-04-28,"{""wid"": None}","{""name"": ""微客1级"", ""id"": 60165}",1584944106000,None,2
2020-04-28,"{""wid"": 1733390801}","{""name"": ""微客1级"", ""id"": 60165}",1584426521000,None,2
2020-04-28,"{""wid"": None}","{""name"": ""微客1级"", ""id"": 60165}",1585119604000,None,2
2020-04-28,"{""wid"": None}","{""name"": ""微客1级"", ""id"": 60165}",1584928141000,None,2
2020-04-28,"{""wid"": 1734520764}","{""name"": ""微客1级"", ""id"": 60165}",1583766087000,None,2
2020-04-28,"{""wid"": 1747086314}","{""name"": ""微客1级"", ""id"": 60165}",1585478499000,None,2
2020-04-28,"{""wid"": None}","{""name"": ""微客1级"", ""id"": 60165}",1584925898000,None,2
2020-04-28,"{""wid"": None}","{""name"": ""微客1级"", ""id"": 60165}",1584887013000,None,2
2020-04-28,"{""wid"": None}","{""name"": ""微客1级"", ""id"": 60165}",1584881721000,None,2
2020-04-28,"{""wid"": None}","{""name"": ""微客1级"", ""id"": 60165}",1584795127000,None,2
2020-04-28,"{""wid"": None}","{""name"": ""微客1级"", ""id"": 60165}",1583680727000,None,2
2020-04-28,"{""wid"": None}","{""name"": ""微客1级"", ""id"": 60165}",1584695804000,None,2
2020-04-28,"{""wid"": None}","{""name"": ""微客1级"", ""id"": 60165}",1584757119000,None,2
2020-04-28,"{""wid"": None}","{""name"": ""微客1级"", ""id"": 60165}",1584967873000,None,2
2020-04-28,"{""wid"": None}","{""name"": ""微客1级"", ""id"": 60165}",1584721124000,None,2
2020-04-28,"{""wid"": None}","{""name"": ""微客1级"", ""id"": 60165}",1584715585000,None,2
2020-04-28,"{""wid"": None}","{""name"": ""微客1级"", ""id"": 60165}",1585382587000,None,2
2020-04-28,"{""wid"": 1733141265}","{""name"": ""微客1级"", ""id"": 60165}",1584689819000,None,2
2020-04-28,"{""wid"": None}","{""name"": ""微客1级"", ""id"": 60165}",1584691204000,None,2
2020-04-28,"{""wid"": None}","{""name"": ""微客1级"", ""id"": 60165}",1585331661000,None,2
2020-04-28,"{""wid"": None}","{""name"": ""微客1级"", ""id"": 60165}",1585028806000,None,2
2020-04-28,"{""wid"": None}","{""name"": ""微客1级"", ""id"": 60165}",1584700068000,None,2
2020-04-28,"{""wid"": None}","{""name"": ""微客1级"", ""id"": 60165}",1584683031000,None,2
2020-04-28,"{""wid"": None}","{""name"": ""微客1级"", ""id"": 60165}",1585029147000,None,2
2020-04-28,"{""wid"": None}","{""name"": ""微客1级"", ""id"": 60165}",1585234110000,None,2
2020-04-28,"{""wid"": None}","{""name"": ""微客1级"", ""id"": 60165}",1585213474000,None,2
2020-04-28,"{""wid"": None}","{""name"": ""微客1级"", ""id"": 60165}",1587882166000,None,2
2020-04-28,"{""wid"": None}","{""name"": ""微客1级"", ""id"": 60165}",1586592276000,None,2
2020-04-28,"{""wid"": None}","{""name"": ""微客1级"", ""id"": 60165}",1585289297000,None,2
2020-04-28,"{""wid"": None}","{""name"": ""微客1级"", ""id"": 60165}",1584966716000,None,2
2020-04-28,"{""wid"": None}","{""name"": ""微客1级"", ""id"": 60165}",1585719918000,None,2
2020-04-28,"{""wid"": None}","{""name"": ""微客1级"", ""id"": 60165}",1584180014000,None,2
2020-04-28,"{""wid"": None}","{""name"": ""微客1级"", ""id"": 60165}",1585124054000,None,2
2020-04-28,"{""wid"": None}","{""name"": ""微客1级"", ""id"": 60165}",1585208701000,None,2
2020-04-28,"{""wid"": 1733030596}","{""name"": ""微客1级"", ""id"": 60165}",1584676888000,None,2
2020-04-28,"{""wid"": None}","{""name"": ""微客1级"", ""id"": 60165}",1584414931000,None,2
2020-04-28,"{""wid"": None}","{""name"": ""微客1级"", ""id"": 60165}",1585225102000,None,2
2020-04-28,"{""wid"": None}","{""name"": ""微客1级"", ""id"": 60165}",1586186780000,None,2
2020-04-28,"{""wid"": None}","{""name"": ""微客1级"", ""id"": 60165}",1584248292000,None,2
2020-04-28,"{""wid"": 1733676581}","{""name"": ""微客1级"", ""id"": 60165}",1583762575000,None,2
2020-04-28,"{""wid"": None}","{""name"": ""微客1级"", ""id"": 60165}",1584488050000,None,2
2020-04-28,"{""wid"": None}","{""name"": ""微客1级"", ""id"": 60165}",1584360258000,None,2
2020-04-28,"{""wid"": None}","{""name"": ""微客1级"", ""id"": 60165}",1584368848000,None,2
2020-04-28,"{""wid"": None}","{""name"": ""微客1级"", ""id"": 60165}",1584410301000,None,2
2020-04-28,"{""wid"": None}","{""name"": ""微客1级"", ""id"": 60165}",1584356055000,None,2
2020-04-28,"{""wid"": None}","{""name"": ""微客1级"", ""id"": 60165}",1584342090000,None,2
2020-04-28,"{""wid"": None}","{""name"": ""微客1级"", ""id"": 60165}",1584312370000,None,2
2020-04-28,"{""wid"": None}","{""name"": ""微客1级"", ""id"": 60165}",1584274288000,None,2
2020-04-28,"{""wid"": None}","{""name"": ""微客1级"", ""id"": 60165}",1584254665000,None,2
2020-04-28,"{""wid"": None}","{""name"": ""微客1级"", ""id"": 60165}",1584254725000,None,2
2020-04-28,"{""wid"": None}","{""name"": ""微客1级"", ""id"": 60165}",1584251220000,None,2
2020-04-28,"{""wid"": None}","{""name"": ""微客1级"", ""id"": 60165}",1584144975000,None,2
2020-04-28,"{""wid"": None}","{""name"": ""微客1级"", ""id"": 60165}",1584243087000,None,2
2020-04-28,"{""wid"": None}","{""name"": ""微客1级"", ""id"": 60165}",1584240641000,None,2
2020-04-28,"{""wid"": None}","{""name"": ""微客1级"", ""id"": 60165}",1584231542000,None,2
2020-04-28,"{""wid"": None}","{""name"": ""微客1级"", ""id"": 60165}",1585027042000,None,2
2020-04-28,"{""wid"": None}","{""name"": ""微客1级"", ""id"": 60165}",1584234438000,None,2
2020-04-28,"{""wid"": None}","{""name"": ""微客1级"", ""id"": 60165}",1584091299000,None,2
2020-04-28,"{""wid"": None}","{""name"": ""微客1级"", ""id"": 60165}",1584211234000,None,2
2020-04-28,"{""wid"": None}","{""name"": ""微客1级"", ""id"": 60165}",1583604429000,None,2
2020-04-28,"{""wid"": None}","{""name"": ""微客1级"", ""id"": 60165}",1584205326000,None,2
2020-04-28,"{""wid"": None}","{""name"": ""微客1级"", ""id"": 60165}",1583940641000,None,2
2020-04-28,"{""wid"": None}","{""name"": ""微客1级"", ""id"": 60165}",1584194500000,None,2
2020-04-28,"{""wid"": None}","{""name"": ""微客1级"", ""id"": 60165}",1585054727000,None,2
2020-04-28,"{""wid"": None}","{""name"": ""微客1级"", ""id"": 60165}",1584105477000,None,2
2020-04-28,"{""wid"": None}","{""name"": ""微客1级"", ""id"": 60165}",1584167812000,None,2
2020-04-28,"{""wid"": None}","{""name"": ""微客1级"", ""id"": 60165}",1584166012000,None,2
2020-04-28,"{""wid"": None}","{""name"": ""微客1级"", ""id"": 60165}",1584157307000,None,2
2020-04-28,"{""wid"": 1747294014}","{""name"": ""微客1级"", ""id"": 60165}",1583798443000,None,2
2020-04-28,"{""wid"": 1734478075}","{""name"": ""微客1级"", ""id"": 60165}",1583762811000,None,2
2020-04-28,"{""wid"": 1733198458}","{""name"": ""微客1级"", ""id"": 60165}",1583309426000,None,2
2020-04-28,"{""wid"": 1733452119}","{""name"": ""微客1级"", ""id"": 60165}",1583377045000,None,2
2020-04-28,"{""wid"": None}","{""name"": ""微客1级"", ""id"": 60165}",1583310531000,None,2
2020-04-28,"{""wid"": None}","{""name"": ""微客1级"", ""id"": 60165}",1583303248000,None,2
