雅迪,yadea雅迪旗舰店,雅迪电动车自行车电瓶车48v锂电池新款小王子锂电版,https://detail.tmall.com/item.htm?spm=a1z10.3-b-s.w4011-18877415626.1339.10f56546p15MJZI&id=596624138584,https://rate.tmall.com/list_detail_rate.htm?itemId=596624138584&spuId=1243962245&sellerId=2817130358&order=3&currentPage=1
雅迪,yadea雅迪旗舰店,雅迪电动车新款铅酸小王子精致版48V电瓶车电动摩托车自行车踏板,https://detail.tmall.com/item.htm?spm=a1z10.3-b-s.w4011-18877415626.1339.10f56546p16MJZI&id=588699357283,https://rate.tmall.com/list_detail_rate.htm?itemId=588699357283&spuId=1377508669&sellerId=2817130358&order=3&currentPage=1
雅迪,雅迪厚爱专卖店,雅迪折叠电动自行车锂电电瓶车男女小型轻便助力车成人代驾电动车,https://detail.tmall.com/item.htm?spm=a1z10.3-b-s.w4011-18877415626.1339.10f56546p17MJZI&id=586557310635,https://rate.tmall.com/list_detail_rate.htm?itemId=586557310635&spuId=989595634&sellerId=2200654892916&order=3&currentPage=1
雅迪,雅迪上善若水专卖店,雅迪电动车锂电车米乐乐电瓶车男女小型车轻便助力滑板电动自行车,https://detail.tmall.com/item.htm?spm=a1z10.3-b-s.w4011-18877415626.1339.10f56546p18MJZI&id=594730742591,https://rate.tmall.com/list_detail_rate.htm?itemId=594730742591&spuId=1378569541&sellerId=2201276341101&order=3&currentPage=1
雅迪,雅迪乐悠专卖店,雅迪新款电动车48V成人电瓶自行车男女助力脚踏小型代步电摩托车,https://detail.tmall.com/item.htm?spm=a1z10.3-b-s.w4011-18877415626.1339.10f56546p19MJZI&id=589515074188,https://rate.tmall.com/list_detail_rate.htm?itemId=589515074188&spuId=1208362626&sellerId=2200728804162&order=3&currentPage=1
雅迪,yadea雅迪旗舰店,雅迪电动车F3第三代锂电池助力便携电动迷你男女代驾折叠自行车,https://detail.tmall.com/item.htm?spm=a1z10.3-b-s.w4011-18877415626.1339.10f56546p20MJZI&id=571750111991
雅迪,yadea雅迪旗舰店,雅迪电动车电瓶车可可锂电48V12AH 自行车滑板车,https://detail.tmall.com/item.htm?spm=a1z10.3-b-s.w4011-18877415626.1339.10f56546p21MJZI&id=598872743357
雅迪,雅迪昊玥天成专卖店,雅迪电动车20A锂电池GT3新国标电动自行车折叠小型锂电代驾电动车,https://detail.tmall.com/item.htm?spm=a1z10.3-b-s.w4011-18877415626.1339.10f56546p22MJZI&id=599476132778
雅迪,雅迪苏鲜生专卖店,雅迪电动自行车新款新国标电动电瓶车代步车锂电电瓶车电动踏板车,https://detail.tmall.com/item.htm?spm=a1z10.3-b-s.w4011-18877415626.1339.10f56546p23MJZI&id=594815381831
雅迪,雅迪通华专卖店,雅迪电动自行车小王子plus尚凯电动电瓶车小型车女士新国标代步车,https://detail.tmall.com/item.htm?spm=a1z10.3-b-s.w4011-18877415626.1339.10f56546p24MJZI&id=602261601111
雅迪,yadea雅迪旗舰店,雅迪电动车新款G5智能锂电成人代步车 双人男女电动摩托车,https://detail.tmall.com/item.htm?spm=a1z10.3-b-s.w4011-18877415626.1339.10f56546p25MJZI&id=598818961765
雅迪,yadea雅迪旗舰店,雅迪电动车新款速跃 48V电瓶车电动自行车,https://detail.tmall.com/item.htm?spm=a1z10.3-b-s.w4011-18877415626.1339.10f56546p26MJZI&id=594480317066
雅迪,雅迪厚爱专卖店,雅迪电动电瓶车男女士代步车电动自行车轻便迷你锂电滑板车电动车,https://detail.tmall.com/item.htm?spm=a1z10.3-b-s.w4011-18877415626.1339.10f56546p27MJZI&id=586868850522
雅迪,雅迪昊玥天成专卖店,雅迪电动车F3锂电池电动自行车新国标折叠款小型电动车代驾电瓶车,https://detail.tmall.com/item.htm?spm=a1z10.3-b-s.w4011-18877415626.1339.10f56546p28MJZI&id=592512967448
雅迪,雅迪苏鲜生专卖店,雅迪电动电瓶车新国标3c小王子成人代步车助力车电动自行车踏板车,https://detail.tmall.com/item.htm?spm=a1z10.3-b-s.w4011-18877415626.1339.10f56546p29MJZI&id=588422869140
雅迪,yadea雅迪旗舰店,雅迪电动车电瓶车成人男女代步车电动轻便摩托车电动车米彩,https://detail.tmall.com/item.htm?spm=a1z10.3-b-s.w4011-18877415626.1339.10f56546p30MJZI&id=596397816975
雅迪,yadea雅迪旗舰店,雅迪电动车豪战加长版电瓶车成人男女代步车电动轻便摩托车,https://detail.tmall.com/item.htm?spm=a1z10.3-b-s.w4011-18877415626.1339.10f56546p31MJZI&id=591675298927
雅迪,雅迪昊玥天成专卖店,雅迪电动车48V12A小王子新国标电动自行车成人款电瓶车代步踏板车,https://detail.tmall.com/item.htm?spm=a1z10.3-b-s.w4011-18877415626.1339.10f56546p32MJZI&id=591922212347
雅迪,雅迪苏鲜生专卖店,雅迪电动电瓶车E3成人双人女士新款60v电动摩托车踏板车助力代步,https://detail.tmall.com/item.htm?spm=a1z10.3-b-s.w4011-18877415626.1339.10f56546p33MJZI&id=587387571214
雅迪,雅迪昊玥天成专卖店,雅迪电动车12A锂电池可可新国标电动自行车成人小型电瓶车踏板车,https://detail.tmall.com/item.htm?spm=a1z10.3-b-s.w4011-18877415626.1339.10f56546p34MJZI&id=592510459759
雅迪,yadea雅迪旗舰店,雅迪电动轻便摩托车锐致60V20A电动车成人电瓶踏板车代步男女,https://detail.tmall.com/item.htm?spm=a1z10.3-b-s.w4011-18877415626.1339.10f56546p35MJZI&id=583368625005
雅迪,yadea雅迪旗舰店,雅迪电动车莱客时尚代步车男女通勤60V20A成人轻便（升级轻摩版）,https://detail.tmall.com/item.htm?spm=a1z10.3-b-s.w4011-18877415626.1339.10f56546p36MJZI&id=580397257839
雅迪,雅迪厚爱专卖店,雅迪新款电动车60V豪战成人精致版踏板电瓶车男女轻便电动摩托车,https://detail.tmall.com/item.htm?spm=a1z10.3-b-s.w4011-18877415626.1339.10f56546p37MJZI&id=592598375500
雅迪,雅迪通华专卖店,雅迪电瓶车电动摩托车米彩踏板电动车电摩电动高速小龟王代步车女,https://detail.tmall.com/item.htm?spm=a1z10.3-b-s.w4011-18877415626.1339.10f56546p38MJZI&id=600527701496
雅迪,雅迪昊玥天成专卖店,雅迪电动车60V20A电动摩托车欧迪男女款电摩电瓶车小型电动踏板车,https://detail.tmall.com/item.htm?spm=a1z10.3-b-s.w4011-18877415626.1339.10f56546p39MJZI&id=592788870768
雅迪,yadea雅迪旗舰店,雅迪电动车新款 欧迪时尚小龟王 成人代步车 双人男女电动摩托车,https://detail.tmall.com/item.htm?spm=a1z10.3-b-s.w4011-18877415626.1339.10f56546p40MJZI&id=578339601905
雅迪,yadea雅迪旗舰店,雅迪电动车新款E3 时尚小龟王 成人代步车 双人男女电动摩托车,https://detail.tmall.com/item.htm?spm=a1z10.3-b-s.w4011-18877415626.1339.10f56546p41MJZI&id=598347046508
雅迪,雅迪苏鲜生专卖店,雅迪电动电车电瓶车米彩轻便电动摩托车电动车成人男女代步车电动,https://detail.tmall.com/item.htm?spm=a1z10.3-b-s.w4011-18877415626.1339.10f56546p42MJZI&id=601813386589
雅迪,雅迪昊玥天成专卖店,雅迪电动车F3锂电池电动自行车新国标电动车小型折叠款代驾电瓶车,https://detail.tmall.com/item.htm?spm=a1z10.3-b-s.w4011-18877415626.1339.10f56546p43MJZI&id=593824573324
雅迪,雅迪苏鲜生专卖店,雅迪代驾专用电动折叠车超轻小型迷你电动成人车锂电池电瓶代步车,https://detail.tmall.com/item.htm?spm=a1z10.3-b-s.w4011-18877415626.1339.10f56546p44MJZI&id=599654917471
雅迪,yadea雅迪旗舰店,雅迪电动车米迪电瓶车成人双人男女代步车电动轻便摩托车,https://detail.tmall.com/item.htm?spm=a1z10.3-b-s.w4011-18877415626.1339.10f56546p45MJZI&id=592772678577
雅迪,yadea雅迪旗舰店,雅迪电动滑板车代步车小型迷你踏板车折叠L7成年男女上班便携,https://detail.tmall.com/item.htm?spm=a1z10.3-b-s.w4011-18877415626.1339.10f56546p46MJZI&id=598872351105
雅迪,雅迪苏鲜生专卖店,雅迪电动车电瓶车米彩成人男女代步车电动轻便电动摩托车电动车,https://detail.tmall.com/item.htm?spm=a1z10.3-b-s.w4011-18877415626.1339.10f56546p47MJZI&id=597722805184
雅迪,雅迪昊玥天成专卖店,雅迪电动车48V12A锂电池电动自行车新国标电动车男女款小型电瓶车,https://detail.tmall.com/item.htm?spm=a1z10.3-b-s.w4011-18877415626.1339.10f56546p48MJZI&id=594817264943
雅迪,雅迪厚爱专卖店,雅迪新款豪华电动车G5锂电电动摩托车成人男女踏板电瓶车长跑电摩,https://detail.tmall.com/item.htm?spm=a1z10.3-b-s.w4011-18877415626.1339.10f56546p49MJZI&id=591041405301
雅迪,yadea雅迪旗舰店,雅迪电动车新款铅酸 小王子小叮当 48V电瓶车电动自行车踏板代步,https://detail.tmall.com/item.htm?spm=a1z10.3-b-s.w4011-18877415626.1339.10f56546p50MJZI&id=602737274418
雅迪,yadea雅迪旗舰店,雅迪电动车豪战精致版电瓶车成人男女电动轻便摩托车,https://detail.tmall.com/item.htm?spm=a1z10.3-b-s.w4011-18877415626.1339.10f56546p51MJZI&id=596816395443
雅迪,雅迪昊玥天成专卖店,雅迪电动车60V20A新国标电动摩托车豪战成人款电摩电动代步踏板车,https://detail.tmall.com/item.htm?spm=a1z10.3-b-s.w4011-18877415626.1339.10f56546p52MJZI&id=592439888567
雅迪,雅迪神行专卖店,雅迪锐致电动摩托车电动电瓶车男女双人代步车60V轻便成人踏板车,https://detail.tmall.com/item.htm?spm=a1z10.3-b-s.w4011-18877415626.1339.10f56546p53MJZI&id=596944162260
雅迪,雅迪通华专卖店,雅迪电动车电瓶车踏板电动摩托车男女双人新款E3新国标小型代步车,https://detail.tmall.com/item.htm?spm=a1z10.3-b-s.w4011-18877415626.1339.10f56546p54MJZI&id=599789813323
雅迪,yadea雅迪旗舰店,雅迪电动车 新款E2 石墨烯电池 时尚男女双人代步电动轻便摩托车,https://detail.tmall.com/item.htm?spm=a1z10.3-b-s.w4011-18877415626.1339.10f56546p55MJZI&id=604271507129
雅迪,yadea雅迪旗舰店,雅迪电动车GT3锂电池48V20Ah助力便携电动迷你男女代驾折叠自行车,https://detail.tmall.com/item.htm?spm=a1z10.3-b-s.w4011-18877415626.1339.10f56546p56MJZI&id=603712178127
雅迪,雅迪昊玥天成专卖店,雅迪电动车60V20A豪战新国标电动摩托车男女电摩电瓶车电动踏板车,https://detail.tmall.com/item.htm?spm=a1z10.3-b-s.w4011-18877415626.1339.10f56546p57MJZI&id=601926477207
雅迪,雅迪通华专卖店,雅迪电动车豪战60V20A新国标电瓶车踏板电动摩托车男女轻便代步车,https://detail.tmall.com/item.htm?spm=a1z10.3-b-s.w4011-18877415626.1339.10f56546p58MJZI&id=599793025976
雅迪,雅迪巴途专卖店,雅迪电动车60V20A豪战新国标电动摩托车男女电摩电瓶踏板车代步车,https://detail.tmall.com/item.htm?spm=a1z10.3-b-s.w4011-18877415626.1339.10f56546p59MJZI&id=602845796674
雅迪,yadea雅迪旗舰店,yadea雅迪电动车 新款小王子时尚版 48V踏板电瓶车电动自行车代步,https://detail.tmall.com/item.htm?spm=a1z10.3-b-s.w4011-18877415626.1339.10f56546p60MJZI&id=601344616010
雅迪,yadea雅迪旗舰店,雅迪电动车新款铅酸 小王子PLUS版 48V电瓶车电动自行车踏板代步,https://detail.tmall.com/item.htm?spm=a1z10.3-b-s.w4011-18877415626.1339.10f56546p61MJZI&id=604578227188
雅迪,雅迪厚爱专卖店,雅迪轻便电动摩托车60V成人男女踏板电动车小龟王米彩代步电瓶车,https://detail.tmall.com/item.htm?spm=a1z10.3-b-s.w4011-18877415626.1339.10f56546p62MJZI&id=598238232657
雅迪,雅迪苏鲜生专卖店,雅迪电瓶车新国标电动车48V电瓶车电动自行车电动电瓶车代步成人,https://detail.tmall.com/item.htm?spm=a1z10.3-b-s.w4011-18877415626.1339.10f56546p63MJZI&id=594913827281
雅迪,雅迪苏鲜生专卖店,雅迪电动电瓶车带娃车电动自行车迷你代步车女踏板车母子车亲子车,https://detail.tmall.com/item.htm?spm=a1z10.3-b-s.w4011-18877415626.1339.10f56546p64MJZI&id=587050673009
雅迪,yadea雅迪旗舰店,雅迪电动车学生代步车锂电池电瓶亲子车小型车女士迷你电动带娃车,https://detail.tmall.com/item.htm?spm=a1z10.3-b-s.w4011-18877415626.1339.10f56546p65MJZI&id=601217449457
雅迪,yadea雅迪旗舰店,雅迪电动车新款铅酸 小王子升级版 48V电瓶车电动自行车踏板代步,https://detail.tmall.com/item.htm?spm=a1z10.3-b-s.w4011-18877415626.1339.10f56546p66MJZI&id=603708938998
雅迪,雅迪苏鲜生专卖店,雅迪电动车新款48V电瓶车电动自行车新国标电动电瓶车代步车,https://detail.tmall.com/item.htm?spm=a1z10.3-b-s.w4011-18877415626.1339.10f56546p67MJZI&id=594564545498
雅迪,雅迪苏鲜生专卖店,雅迪新款电动自行车新国标电动电瓶车代步车锂电电瓶车电动踏板车,https://detail.tmall.com/item.htm?spm=a1z10.3-b-s.w4011-18877415626.1339.10f56546p68MJZI&id=598652218014
雅迪,雅迪通华专卖店,雅迪电动车新国标锂电池电动自行车电动电瓶车小型男女代步踏板车,https://detail.tmall.com/item.htm?spm=a1z10.3-b-s.w4011-18877415626.1339.10f56546p69MJZI&id=599992230358
雅迪,yadea雅迪旗舰店,雅迪电动车新款 锐嘉加长版 电瓶车成人男女代步电动轻便摩托车,https://detail.tmall.com/item.htm?spm=a1z10.3-b-s.w4011-18877415626.1339.10f56546p70MJZI&id=604652263109
雅迪,yadea雅迪旗舰店,雅迪电动车小龟王米彩蓝成人男女代步车电动轻便摩托车,https://detail.tmall.com/item.htm?spm=a1z10.3-b-s.w4011-18877415626.1339.10f56546p71MJZI&id=602763643610
雅迪,雅迪苏鲜生专卖店,雅迪f3新款代驾折叠电动自行车小型迷你电动成人车锂电池电瓶车,https://detail.tmall.com/item.htm?spm=a1z10.3-b-s.w4011-18877415626.1339.10f56546p72MJZI&id=586801552245
雅迪,雅迪苏鲜生专卖店,雅迪电动自行车尚凯电动电瓶车小型电动代步车电动车小型车男女士,https://detail.tmall.com/item.htm?spm=a1z10.3-b-s.w4011-18877415626.1339.10f56546p73MJZI&id=602246961870
雅迪,雅迪厚爱专卖店,雅迪新款电动自行车成人男女锂电电瓶车小型轻便两轮代步车电动车,https://detail.tmall.com/item.htm?spm=a1z10.3-b-s.w4011-18877415626.1339.10f56546p74MJZI&id=594619905209
新日,新日电动车旗舰店,新日新国标折叠电动车自行车小型成人男女迷你代驾宝锂电池电瓶车,https://detail.tmall.com/item.htm?spm=a1z10.3-b-s.w4011-18877415626.1339.10f56546p15MJZI&id=593473997173
新日,新日电动车旗舰店,新日新国标小型电动车电瓶车双人成年自行车代步锂电车助力车女式,https://detail.tmall.com/item.htm?spm=a1z10.3-b-s.w4011-18877415626.1339.10f56546p16MJZI&id=565948166922
新日,sunra新日创斯易专卖店,新日新国标折叠电动车自行车小型成人男女迷你代驾宝锂电池电瓶车,https://detail.tmall.com/item.htm?spm=a1z10.3-b-s.w4011-18877415626.1339.10f56546p17MJZI&id=603054138997
新日,新日阳光新日专卖店,新日电动车成人新国标电动自行车男女电瓶车小型迷你代步车简易款,https://detail.tmall.com/item.htm?spm=a1z10.3-b-s.w4011-18877415626.1339.10f56546p18MJZI&id=565820236965
新日,新日邵仝专卖店,新日折叠电动自行车锂电成人男女超轻便携小型助力代驾电瓶车V9,https://detail.tmall.com/item.htm?spm=a1z10.3-b-s.w4011-18877415626.1339.10f56546p19MJZI&id=589022638937
新日,新日电动车旗舰店,新日新国标小型电动车电瓶车双人成年自行车代步踏板车助力车男女,https://detail.tmall.com/item.htm?spm=a1z10.3-b-s.w4011-18877415626.1339.10f56546p20MJZI&id=595549511516
新日,sunra新日无锡专卖店,新日电动电瓶车云驰摩托车新国标车黑豹高速大功率踏板车代步双人,https://detail.tmall.com/item.htm?spm=a1z10.3-b-s.w4011-18877415626.1339.10f56546p21MJZI&id=591731968768
新日,新日雷利来专卖店,新日小龟王电动车风雅欧妮电动摩托车60V成人男女电瓶助力踏板车,https://detail.tmall.com/item.htm?spm=a1z10.3-b-s.w4011-18877415626.1339.10f56546p22MJZI&id=564478029681
新日,新日电动车旗舰店,新日新国标小型电动车电瓶车双人成年自行车代步踏板车女式助力车,https://detail.tmall.com/item.htm?spm=a1z10.3-b-s.w4011-18877415626.1339.10f56546p23MJZI&id=551215681416
新日,sunra新日无锡专卖店,新日新国标电动电瓶车48V小型男女代步成人摩托踏板助力自行单车,https://detail.tmall.com/item.htm?spm=a1z10.3-b-s.w4011-18877415626.1339.10f56546p24MJZI&id=582587429388
新日,新日电动车旗舰店,新日电动车1元抵150元现金 实体店付尾款提车 线下门店特权定金,https://detail.tmall.com/item.htm?spm=a1z10.3-b-s.w4011-18877415626.1339.10f56546p25MJZI&id=595000606756
新日,新日到位购专卖店,新日新国标电动车高速大功率电瓶踏板代步双人电动摩托车黑豹5代,https://detail.tmall.com/item.htm?spm=a1z10.3-b-s.w4011-18877415626.1339.10f56546p26MJZI&id=588657652835
新日,新日电动车旗舰店,新日电动电瓶车小型新国标成年双人锂电可提取自行车代步踏板车女,https://detail.tmall.com/item.htm?spm=a1z10.3-b-s.w4011-18877415626.1339.10f56546p27MJZI&id=593475797739
新日,sunra新日无锡专卖店,新日电动车新款折叠迷你助力代驾锂电池电瓶车菲尔便携自行车,https://detail.tmall.com/item.htm?spm=a1z10.3-b-s.w4011-18877415626.1339.10f56546p28MJZI&id=575842089933
新日,sunra新日无锡专卖店,新日丽曼电动摩托车高速大功率车成年电瓶车代步男女双人踏板车,https://detail.tmall.com/item.htm?spm=a1z10.3-b-s.w4011-18877415626.1339.10f56546p29MJZI&id=591746384203
新日,新日电动车旗舰店,新日新国标电动车高速大功率摩托车成年男式电瓶车踏板车代步双人,https://detail.tmall.com/item.htm?spm=a1z10.3-b-s.w4011-18877415626.1339.10f56546p30MJZI&id=577262658410
新日,新日电动车旗舰店,天猫首发X1新日新国标小型电动自行车电瓶车成年男女踏板车助力车,https://detail.tmall.com/item.htm?spm=a1z10.3-b-s.w4011-18877415626.1339.10f56546p31MJZI&id=593045011460
新日,新日雷利来专卖店,新日电动车新日锋驭60V72V国标电动摩托车成人电瓶车电动车踏板车,https://detail.tmall.com/item.htm?spm=a1z10.3-b-s.w4011-18877415626.1339.10f56546p32MJZI&id=564801870694
新日,sunra新日无锡专卖店,新日卡布奇电动自行车双人成人锂电动车代步踏板车电瓶车男女助力,https://detail.tmall.com/item.htm?spm=a1z10.3-b-s.w4011-18877415626.1339.10f56546p33MJZI&id=575786225730
新日,新日徐州专卖店,新日电动车新国标男女上班代步电瓶车双人踏板电动自行车旗舰米粒,https://detail.tmall.com/item.htm?spm=a1z10.3-b-s.w4011-18877415626.1339.10f56546p34MJZI&id=595388894255
新日,新日电动车旗舰店,新日电动电瓶车小型新国标成年双人锂电电动自行车代步踏板车女式,https://detail.tmall.com/item.htm?spm=a1z10.3-b-s.w4011-18877415626.1339.10f56546p35MJZI&id=579232313655
新日,新日电动车旗舰店,新日新国标电动车小型电瓶车成年双人自行车代步女式踏板车助力车,https://detail.tmall.com/item.htm?spm=a1z10.3-b-s.w4011-18877415626.1339.10f56546p36MJZI&id=580685318392
新日,新日到位购专卖店,新日国标电动车男女成人高速大功率电瓶车踏板电动摩托车黑豹plus,https://detail.tmall.com/item.htm?spm=a1z10.3-b-s.w4011-18877415626.1339.10f56546p37MJZI&id=591677882276
新日,新日嗨米专卖店,新日 电动自行车代步折叠锂电池助力代驾电瓶超轻小型迷你,https://detail.tmall.com/item.htm?spm=a1z10.3-b-s.w4011-18877415626.1339.10f56546p38MJZI&id=604353988181
新日,新日到位购专卖店,新日国标电动车成人男女踏板双人代步助力电瓶电动自行车米粒48v,https://detail.tmall.com/item.htm?spm=a1z10.3-b-s.w4011-18877415626.1339.10f56546p39MJZI&id=589618658422
新日,新日雷利来专卖店,新日电动自行车成人折叠式迷你小型女性电动车锂电电瓶车代驾车48,https://detail.tmall.com/item.htm?spm=a1z10.3-b-s.w4011-18877415626.1339.10f56546p40MJZI&id=564431889126
新日,新日邵仝专卖店,新日sunra轻便电动摩托车成人男女踏板代步电瓶车60V20A新款黑豹,https://detail.tmall.com/item.htm?spm=a1z10.3-b-s.w4011-18877415626.1339.10f56546p41MJZI&id=561792311821
新日,新日阳光新日专卖店,新日电动车新款男女双人成人电瓶车运动踏板车电动摩托车 60V黑豹,https://detail.tmall.com/item.htm?spm=a1z10.3-b-s.w4011-18877415626.1339.10f56546p42MJZI&id=567220007714
新日,sunra新日无锡专卖店,新日新国标折叠电动自行车48V小型成人男女迷你锂电池店电瓶车,https://detail.tmall.com/item.htm?spm=a1z10.3-b-s.w4011-18877415626.1339.10f56546p43MJZI&id=600624132932
新日,新日邵仝专卖店,新日sunra电动自行车成人男女式小型轻便双人新款踏板代步电瓶车,https://detail.tmall.com/item.htm?spm=a1z10.3-b-s.w4011-18877415626.1339.10f56546p44MJZI&id=561557564480
新日,新日美翼专卖店,新日电动车小型女性成人电动自行车48v时尚轻便代步车电瓶车米乐,https://detail.tmall.com/item.htm?spm=a1z10.3-b-s.w4011-18877415626.1339.10f56546p45MJZI&id=586789472397
新日,新日阳光新日专卖店,新日电动车 成人小型电瓶车48V亲子代步双人电动自行车轻便代步车,https://detail.tmall.com/item.htm?spm=a1z10.3-b-s.w4011-18877415626.1339.10f56546p46MJZI&id=579590968466
新日,新日邵仝专卖店,新日折叠电动自行车超轻便携小型助力成人男女锂电代驾电瓶车Z3,https://detail.tmall.com/item.htm?spm=a1z10.3-b-s.w4011-18877415626.1339.10f56546p47MJZI&id=594450945151
新日,新日雷利来专卖店,新日电动车舞感电动自行车双人成人电车代步踏板车电瓶车男女助力,https://detail.tmall.com/item.htm?spm=a1z10.3-b-s.w4011-18877415626.1339.10f56546p48MJZI&id=593493233141
新日,新日阳光新日专卖店,新日折叠电动车成人电动自行车新国标锂电池电瓶车小型代步车 48V,https://detail.tmall.com/item.htm?spm=a1z10.3-b-s.w4011-18877415626.1339.10f56546p49MJZI&id=595523965059
新日,新日到位购专卖店,新日国标48V锂电池成人女士轻便小型代步电瓶电动自行车长1.27米,https://detail.tmall.com/item.htm?spm=a1z10.3-b-s.w4011-18877415626.1339.10f56546p50MJZI&id=599834034304
新日,新日嗨米专卖店,新日折叠电动自行车锂电池助力车成人新国标小型代驾电瓶电动车,https://detail.tmall.com/item.htm?spm=a1z10.3-b-s.w4011-18877415626.1339.10f56546p51MJZI&id=605015311027
新日,sunra新日创斯易专卖店,新日电动电瓶车小型新国标成年双人锂电电动自行车代步踏板车女式,https://detail.tmall.com/item.htm?spm=a1z10.3-b-s.w4011-18877415626.1339.10f56546p52MJZI&id=579360638194
新日,新日到位购专卖店,新日DC1折叠电动车自行车锂电成人男女迷你小型助力代驾代步车48V,https://detail.tmall.com/item.htm?spm=a1z10.3-b-s.w4011-18877415626.1339.10f56546p53MJZI&id=595367525584
新日,新日阳光新日专卖店,新日电动车锂电池电动自行车轻便男女电瓶车代步车48V 符合新国标,https://detail.tmall.com/item.htm?spm=a1z10.3-b-s.w4011-18877415626.1339.10f56546p54MJZI&id=579379206855
新日,新日到位购专卖店,新日电动车成人电瓶车新国标电动自行车小巧轻便代步车48V米尚,https://detail.tmall.com/item.htm?spm=a1z10.3-b-s.w4011-18877415626.1339.10f56546p55MJZI&id=599942599047
新日,新日徐州专卖店,新日电动车电动摩托车卡布奇男女运动踏板车成人电瓶车铅酸23Ah,https://detail.tmall.com/item.htm?spm=a1z10.3-b-s.w4011-18877415626.1339.10f56546p56MJZI&id=586004977934
新日,新日徐州专卖店,新日电动车成人新款电动摩托车48V锂电智能运动款时尚炫酷踏板车,https://detail.tmall.com/item.htm?spm=a1z10.3-b-s.w4011-18877415626.1339.10f56546p57MJZI&id=605035837426
新日,新日雷利来专卖店,新日高端电摩劲鹰72V新款成人男女电动豪华运动电动代步车3C认证,https://detail.tmall.com/item.htm?spm=a1z10.3-b-s.w4011-18877415626.1339.10f56546p58MJZI&id=597375602488
新日,新日阳光新日专卖店,新日电动车 电动摩托车 男女成人踏板车 女性时尚城市代步车 缤丽,https://detail.tmall.com/item.htm?spm=a1z10.3-b-s.w4011-18877415626.1339.10f56546p59MJZI&id=603462672005
新日,新日徐州专卖店,新日电动车电动摩托车男女成人上班代步电瓶车踏板新国标缤丽,https://detail.tmall.com/item.htm?spm=a1z10.3-b-s.w4011-18877415626.1339.10f56546p60MJZI&id=597702047933
新日,新日徐州专卖店,新日电动车旗舰成人双人电动摩托车城市运动款踏板电瓶车黑豹5代,https://detail.tmall.com/item.htm?spm=a1z10.3-b-s.w4011-18877415626.1339.10f56546p61MJZI&id=593397118827
新日,新日阳光新日专卖店,新日sunra电动摩托车电动自行车豪华款男女成人60V电瓶踏板助力车,https://detail.tmall.com/item.htm?spm=a1z10.3-b-s.w4011-18877415626.1339.10f56546p62MJZI&id=591968514793
新日,新日雷利来专卖店,新日电动车清朗48V12A锂电电动车带脚踏电动自行车成人电瓶车国标,https://detail.tmall.com/item.htm?spm=a1z10.3-b-s.w4011-18877415626.1339.10f56546p63MJZI&id=573734441619
新日,新日阳光新日专卖店,新日sunra电动摩托车电动自行车豪华款男女成人48V电瓶踏板助力车,https://detail.tmall.com/item.htm?spm=a1z10.3-b-s.w4011-18877415626.1339.10f56546p64MJZI&id=593405243854
新日,新日徐州专卖店,新日黑豹电摩电动车高速长跑摩托车成年电瓶车踏板代步车旗舰雪豹,https://detail.tmall.com/item.htm?spm=a1z10.3-b-s.w4011-18877415626.1339.10f56546p65MJZI&id=591298952898
新日,新日徐州专卖店,新日电动车成人男女双人电动自行车上班通勤电动代步车电瓶车米菲,https://detail.tmall.com/item.htm?spm=a1z10.3-b-s.w4011-18877415626.1339.10f56546p66MJZI&id=593002148516
新日,新日雷利来专卖店,新日维多新品电动车锂电池新国标3C认证电瓶车自行车助力车代步车,https://detail.tmall.com/item.htm?spm=a1z10.3-b-s.w4011-18877415626.1339.10f56546p67MJZI&id=593315057582
新日,新日嗨米专卖店,新日 电动自行车代步折叠锂电池助力代驾电瓶超轻小型迷你,https://detail.tmall.com/item.htm?spm=a1z10.3-b-s.w4011-18877415626.1339.10f56546p68MJZI&id=604820266832
新日,新日邵仝专卖店,新日折叠电动自行车锂电成人男女超轻便携小型助力代步电瓶车新V6,https://detail.tmall.com/item.htm?spm=a1z10.3-b-s.w4011-18877415626.1339.10f56546p69MJZI&id=593641283798
新日,新日阳光新日专卖店,新日电动车成人电动自行车电瓶车轻便小型男女代步车简易款小猛士,https://detail.tmall.com/item.htm?spm=a1z10.3-b-s.w4011-18877415626.1339.10f56546p70MJZI&id=604259773859
新日,新日邵仝专卖店,新日电动车小武士双人成人电动车代步踏板车电瓶车代驾男女助力车,https://detail.tmall.com/item.htm?spm=a1z10.3-b-s.w4011-18877415626.1339.10f56546p71MJZI&id=589946245335
新日,新日美翼专卖店,新日电动摩托车60v成人男女踏板电动车双人电瓶车炫酷时尚代步车,https://detail.tmall.com/item.htm?spm=a1z10.3-b-s.w4011-18877415626.1339.10f56546p72MJZI&id=591389780349
新日,新日美翼专卖店,电动摩托车新日电动车黑豹60v成人男女电瓶车双人踏板通勤代步车,https://detail.tmall.com/item.htm?spm=a1z10.3-b-s.w4011-18877415626.1339.10f56546p73MJZI&id=582690652842
新日,sunra新日创斯易专卖店,新日新国标小型电动车电瓶车双人成年自行车代步踏板车助力车女式,https://detail.tmall.com/item.htm?spm=a1z10.3-b-s.w4011-18877415626.1339.10f56546p74MJZI&id=593150686518
小牛,小牛电动旗舰店,小牛电动 NGT电摩 锂电池电动摩托车N系列,https://detail.tmall.com/item.htm?spm=a1z10.3-b-s.w4011-18877415626.1339.10f56546p5MJZI&id=599402248531
希洛普,希洛普旗舰店,希洛普 亲子车 电动滑板车成人迷你折叠电动车代步车小型电瓶车,https://detail.tmall.com/item.htm?spm=a1z10.3-b-s.w4011-18877415626.1339.10f56546p6MJZI&id=578410236761
希洛普,希洛普旗舰店,希洛普 越野电动滑板车成人两轮迷你代步车11寸真空胎 折叠电动车,https://detail.tmall.com/item.htm?spm=a1z10.3-b-s.w4011-18877415626.1339.10f56546p7MJZI&id=574314977272
希洛普,sealup希洛普德步专卖店,希洛普折叠电动滑板车成人代驾代步迷你电动车锂电池小型电瓶车,https://detail.tmall.com/item.htm?spm=a1z10.3-b-s.w4011-18877415626.1339.10f56546p8MJZI&id=560885036346
希洛普,sealup希洛普德步专卖店,希洛普电动滑板车折叠代步小型电瓶车迷你锂电池代驾车双人亲子车,https://detail.tmall.com/item.htm?spm=a1z10.3-b-s.w4011-18877415626.1339.10f56546p9MJZI&id=583654716315
FIIDO,FIIDO旗舰店,FIIDO亲子电动车迷你成人女代步接送电瓶车 小型折叠锂电池滑板车,https://detail.tmall.com/item.htm?spm=a1z10.3-b-s.w4011-18877415626.1339.10f56546p10MJZI&id=558535494279
FIIDO,FIIDO旗舰店,FIIDO电动自行车折叠锂电16寸迷你成人代步电瓶车 变速电助力单车,https://detail.tmall.com/item.htm?spm=a1z10.3-b-s.w4011-18877415626.1339.10f56546p11MJZI&id=576868154714
帕芙络,帕芙络旗舰店,电动滑板车成年电动折叠车越野11寸小型电动代步车迷你电动电瓶车,https://detail.tmall.com/item.htm?spm=a1z10.3-b-s.w4011-18877415626.1339.10f56546p12MJZI&id=581278865478
英格威,英格威旗舰店,英格威新国标折叠电动自行车锂电池助力车成人小型代驾电瓶电动车,https://detail.tmall.com/item.htm?spm=a1z10.3-b-s.w4011-18877415626.1339.10f56546p13MJZI&id=566851873354
绿源,绿源旗舰店,绿源电动自行车4820锂电池电动车新国标 成人男女代步电瓶车 FEG,https://detail.tmall.com/item.htm?spm=a1z10.3-b-s.w4011-18877415626.1339.10f56546p14MJZI&id=594077364147
英格威,英格威旗舰店,英格威新国标折叠式电动车自行车电瓶车男女性成人锂电池代驾车王,https://detail.tmall.com/item.htm?spm=a1z10.3-b-s.w4011-18877415626.1339.10f56546p15MJZI&id=537411453207
大陆合,大陆合运动旗舰店,大陆合电动滑板车代驾踏板电瓶迷你小型便携成年人折叠代步自行女,https://detail.tmall.com/item.htm?spm=a1z10.3-b-s.w4011-18877415626.1339.10f56546p16MJZI&id=572643262451
阿尔郎,阿尔郎源捷专卖店,阿尔郎折叠代驾电动滑板车成人迷你电动车自行车两轮代步车电瓶车,https://detail.tmall.com/item.htm?spm=a1z10.3-b-s.w4011-18877415626.1339.10f56546p17MJZI&id=555088303921
正步,zb正步旗舰店,正步 外卖电动自行车 折叠锂电池助力电瓶车男士小型长跑王电动车,https://detail.tmall.com/item.htm?spm=a1z10.3-b-s.w4011-18877415626.1339.10f56546p18MJZI&id=592463170867
正步,zb正步旗舰店,正步 亲子电动滑板车 成人迷你折叠电动车自行车小型电瓶车代步车,https://detail.tmall.com/item.htm?spm=a1z10.3-b-s.w4011-18877415626.1339.10f56546p19MJZI&id=539151873498
阿尔郎,阿尔郎源捷专卖店,阿尔郎代步电动滑板车成人折叠迷你电动车电动自行车代驾电瓶车女,https://detail.tmall.com/item.htm?spm=a1z10.3-b-s.w4011-18877415626.1339.10f56546p20MJZI&id=548774031396
神洲,神洲雄风旗舰店,SkyTop超轻电动滑板车成年电动车代驾折叠代步便携小型迷你电瓶车,https://detail.tmall.com/item.htm?spm=a1z10.3-b-s.w4011-18877415626.1339.10f56546p21MJZI&id=593627053962
正步,正步尼洛克专卖店,正步 新国标折叠电动自行车 代驾超轻小型电瓶锂电池助力代步迷你,https://detail.tmall.com/item.htm?spm=a1z10.3-b-s.w4011-18877415626.1339.10f56546p22MJZI&id=599159173126
大陆合,大陆合运动旗舰店,大陆合电动滑板车代步神器超轻便携折叠迷你小型电瓶成年上班男女,https://detail.tmall.com/item.htm?spm=a1z10.3-b-s.w4011-18877415626.1339.10f56546p23MJZI&id=596116763406
绿源,绿源旗舰店,绿源新国标电动自行车锂电电动车铅酸FBA2小型成人男女代步电瓶车,https://detail.tmall.com/item.htm?spm=a1z10.3-b-s.w4011-18877415626.1339.10f56546p24MJZI&id=570972459150
加州豹,jzboo加州豹旗舰店,加州豹电动车新国标电瓶48V小型代步助力电单车女成人电动自行车,https://detail.tmall.com/item.htm?spm=a1z10.3-b-s.w4011-18877415626.1339.10f56546p25MJZI&id=570254597029
ninebot,ninebot旗舰店,Ninebot 九号电动滑板车标准版小米生态链企业 ES1代驾电动折叠车,https://detail.tmall.com/item.htm?spm=a1z10.3-b-s.w4011-18877415626.1339.10f56546p26MJZI&id=570246052989
英格威,英格威拉尼娜专卖店,英格威新国标折叠代驾电动车自行车电瓶车男女性成人锂电池代步车,https://detail.tmall.com/item.htm?spm=a1z10.3-b-s.w4011-18877415626.1339.10f56546p27MJZI&id=601634218616
加州豹,jzboo加州豹旗舰店,加州豹新国标电动车成人代步踏板电瓶车48v小型锂电动自行车女士,https://detail.tmall.com/item.htm?spm=a1z10.3-b-s.w4011-18877415626.1339.10f56546p28MJZI&id=588602452231
洛克菲勒,洛克菲勒旗舰店,洛克菲勒折叠电动自行车小型成人电瓶车新国标电动车锂电代驾车,https://detail.tmall.com/item.htm?spm=a1z10.3-b-s.w4011-18877415626.1339.10f56546p29MJZI&id=553935691447
bremer,bremer旗舰店,Bremer电动滑板车折叠小型电动车便携双轮踏板车成人锂电池代步车,https://detail.tmall.com/item.htm?spm=a1z10.3-b-s.w4011-18877415626.1339.10f56546p31MJZI&id=583440392447
凤凰,凤凰官方旗舰店,凤凰新国标24寸男女电动自行车脚踏城市女助力车锂电池电瓶电单车,https://detail.tmall.com/item.htm?spm=a1z10.3-b-s.w4011-18877415626.1339.10f56546p32MJZI&id=597024819537
凤凰,凤凰金圣源专卖店,凤凰锂电池折叠电动自行车助力车男女士新国标成人电瓶小型电动车,https://detail.tmall.com/item.htm?spm=a1z10.3-b-s.w4011-18877415626.1339.10f56546p34MJZI&id=588331074375
bremer,bremer旗舰店,Bremer电动滑板车可折叠成人锂电池超轻迷你电动车两轮代步自行车,https://detail.tmall.com/item.htm?spm=a1z10.3-b-s.w4011-18877415626.1339.10f56546p35MJZI&id=543398106548
凤凰,凤凰金圣源专卖店,凤凰山地车助力车36V锂电池电动山地自行车男女士单车成人电瓶车,https://detail.tmall.com/item.htm?spm=a1z10.3-b-s.w4011-18877415626.1339.10f56546p36MJZI&id=586113005928
贝特优美,贝特优美电动车旗舰店,贝特优美电动车成人电动自行车48V小型电瓶车男女男女电车电动车,https://detail.tmall.com/item.htm?spm=a1z10.3-b-s.w4011-18877415626.1339.10f56546p38MJZI&id=571932554153
凤凰,凤凰百世恒通专卖店,凤凰折叠电动自行车小型电瓶车女士锂电池代驾代步助力单车新国标,https://detail.tmall.com/item.htm?spm=a1z10.3-b-s.w4011-18877415626.1339.10f56546p39MJZI&id=602629931696
神洲,神洲雄风旗舰店,SkyTop小海豚电瓶车迷你小型电动女士代步成人折叠超轻便携滑板车,https://detail.tmall.com/item.htm?spm=a1z10.3-b-s.w4011-18877415626.1339.10f56546p40MJZI&id=580906495405
浜马,浜马旗舰店,小型折叠电动自行车女士新款便携轻便超轻代步车电瓶车助力电单车,https://detail.tmall.com/item.htm?spm=a1z10.3-b-s.w4011-18877415626.1339.10f56546p41MJZI&id=595290214696
嗨米,嗨米运动旗舰店,嗨米折叠电动自行车 锂电池电瓶车代驾助力车成人小型代步电动车,https://detail.tmall.com/item.htm?spm=a1z10.3-b-s.w4011-18877415626.1339.10f56546p42MJZI&id=548686228862
zukboard,zukboard旗舰店,电动滑板车成年折叠轻便小型锂电池代驾两轮代步车上班迷你电瓶车,https://detail.tmall.com/item.htm?spm=a1z10.3-b-s.w4011-18877415626.1339.10f56546p43MJZI&id=593896571409
凤凰,凤凰瀚臻专卖店,凤凰电动自行车新国标成年人小型电瓶车男女代步车新款踏板助力车,https://detail.tmall.com/item.htm?spm=a1z10.3-b-s.w4011-18877415626.1339.10f56546p44MJZI&id=583083615144
威科朗,威科朗旗舰店,威科朗迷你电动车折叠小海豚成人女性小型代步车电瓶车电动滑板车,https://detail.tmall.com/item.htm?spm=a1z10.3-b-s.w4011-18877415626.1339.10f56546p45MJZI&id=587171998957
领奥,领奥旗舰店,领奥小型折叠电动自行车锂电池电瓶成年成人代步代驾神器助力单车,https://detail.tmall.com/item.htm?spm=a1z10.3-b-s.w4011-18877415626.1339.10f56546p47MJZI&id=552463955422
浜马,浜马旗舰店,新国标折叠电动自行车代驾王超轻宝小型助力便携代步锂电池电瓶车,https://detail.tmall.com/item.htm?spm=a1z10.3-b-s.w4011-18877415626.1339.10f56546p48MJZI&id=595339887992
洛克菲勒,洛克菲勒旗舰店,洛克菲勒迷你亲子电动车小型折叠电动自行车成人新国标母子代步车,https://detail.tmall.com/item.htm?spm=a1z10.3-b-s.w4011-18877415626.1339.10f56546p49MJZI&id=577996920568
帕加迪,帕加迪户外旗舰店,帕加迪14寸代驾折叠电动自行车锂电瓶宝王迷你超轻小型助力代步车,https://detail.tmall.com/item.htm?spm=a1z10.3-b-s.w4011-18877415626.1339.10f56546p50MJZI&id=548376154984
minibusev,minibusev运动户外旗舰店,小巴士成人电动三轮车老年新款家用小型电瓶车带棚接送孩子代步车,https://detail.tmall.com/item.htm?spm=a1z10.3-b-s.w4011-18877415626.1339.10f56546p51MJZI&id=567246670709
hx,hx运动户外旗舰店,HX电动滑板车折叠小型电动车成人踏板车便携成年上班锂电池代步车,https://detail.tmall.com/item.htm?spm=a1z10.3-b-s.w4011-18877415626.1339.10f56546p52MJZI&id=585307216395
emicro,emicro旗舰店,emicro锂电池电动滑板车成人折叠代驾两轮代步车迷你电动车电瓶车,https://detail.tmall.com/item.htm?spm=a1z10.3-b-s.w4011-18877415626.1339.10f56546p53MJZI&id=598170024617
威科朗,威科朗梦旻专卖店,威科朗迷你电动车折叠小海豚电瓶车小型电动代步车滑板车女男成人,https://detail.tmall.com/item.htm?spm=a1z10.3-b-s.w4011-18877415626.1339.10f56546p54MJZI&id=592798991214
斯洛克,斯洛克电动车旗舰店,斯洛克新国标折叠电动自行车锂电池代步小型代驾电瓶电动车助力车,https://detail.tmall.com/item.htm?spm=a1z10.3-b-s.w4011-18877415626.1339.10f56546p55MJZI&id=587366186266
gdanny,gdanny旗舰店,德国GDANNY代驾电动车14寸小型超轻新国标助力代步折叠电动自行车,https://detail.tmall.com/item.htm?spm=a1z10.3-b-s.w4011-18877415626.1339.10f56546p56MJZI&id=604384822775
gforce,gforce运动户外旗舰店,美国G-force 电动自行车代步折叠锂电池助力代驾电瓶超轻小型迷你,https://detail.tmall.com/item.htm?spm=a1z10.3-b-s.w4011-18877415626.1339.10f56546p57MJZI&id=585554762076
emicro,emicro旗舰店,emicro小海豚女性电动车成人小型超轻电瓶车迷你代步车折叠滑板车,https://detail.tmall.com/item.htm?spm=a1z10.3-b-s.w4011-18877415626.1339.10f56546p58MJZI&id=571630970685
卡嘉帝曼,cajodema卡嘉帝曼旗舰店,卡嘉帝曼智能电动滑板车折叠小型代驾车迷你两轮踏板车代步电瓶车,https://detail.tmall.com/item.htm?spm=a1z10.3-b-s.w4011-18877415626.1339.10f56546p59MJZI&id=602771305333