add_date,auction_sku,avg_rate,cms_source,rate_content,rate_date,reserve_rice,shop_list,shop_title,store_name,topic
2019-10-22,电压:36V;颜色分类:蓝色7.8AH【出口高品质保证】续航20-25km速度25km/h,5,天猫,试了一下，各方面都很满意✨踏板的颜色还挺好看的，整体性价比很高，我同事还问在哪买的😂总之好评啦(o^^o),2019-10-17 17:37:18,2899.00,"['型号:ZUBOARD', '品牌:ZUKBOARD', '颜色分类:特价随机色6.4AH【出口高品质保证】续航10-15km速度25km/h经典色7.8AH【出口高品质保证】续航20-25km速度25km/h粉色7.8AH【出口高品质保证】续航20-25km速度25km/h蓝色7.8AH【出口高品质保证】续航20-25km速度25km/h黑色7.8AH【出口高品质保证】续航20-25km速度25km/h经典色10.5AH【出口高品质保证】续航30-40km速度35km/h粉色10.5AH【出口高品质保证】续航30-40km速度35km/h蓝色10.5AH【出口高品质保证】续航30-40km速度35km/h黑色10.5AH【出口高品质保证】续航30-40km速度35km/h', '电压:36V', '是否可折叠:可折叠', '款式:两轮', '适用人群:通用', '最高时速:18km/h以上', '续航里程:25km(含)-35km(不含)']",电动滑板车成年折叠轻便小型锂电池代驾两轮代步车上班迷你电瓶车,zukboard旗舰店,zukboard
2019-10-22,电压:36V;颜色分类:蓝色10.5AH【出口高品质保证】续航30-40km速度35km/h,5,天猫,承重超级棒，180多斤站上去完全没问题，刚开始骑的慢，转向灵活，质量很不错,2019-10-06 17:59:48,2899.00,"['型号:ZUBOARD', '品牌:ZUKBOARD', '颜色分类:特价随机色6.4AH【出口高品质保证】续航10-15km速度25km/h经典色7.8AH【出口高品质保证】续航20-25km速度25km/h粉色7.8AH【出口高品质保证】续航20-25km速度25km/h蓝色7.8AH【出口高品质保证】续航20-25km速度25km/h黑色7.8AH【出口高品质保证】续航20-25km速度25km/h经典色10.5AH【出口高品质保证】续航30-40km速度35km/h粉色10.5AH【出口高品质保证】续航30-40km速度35km/h蓝色10.5AH【出口高品质保证】续航30-40km速度35km/h黑色10.5AH【出口高品质保证】续航30-40km速度35km/h', '电压:36V', '是否可折叠:可折叠', '款式:两轮', '适用人群:通用', '最高时速:18km/h以上', '续航里程:25km(含)-35km(不含)']",电动滑板车成年折叠轻便小型锂电池代驾两轮代步车上班迷你电瓶车,zukboard旗舰店,zukboard
2019-10-22,电压:36V;颜色分类:黑色7.8AH【出口高品质保证】续航20-25km速度25km/h,5,天猫,滑板车像我这样的小女生也特别好安装，质量很棒，颜值超高，骑出去真的会引来大波眼光，而且很方便、快捷，满足我的日常需求~,2019-09-23 14:24:35,2899.00,"['型号:ZUBOARD', '品牌:ZUKBOARD', '颜色分类:特价随机色6.4AH【出口高品质保证】续航10-15km速度25km/h经典色7.8AH【出口高品质保证】续航20-25km速度25km/h粉色7.8AH【出口高品质保证】续航20-25km速度25km/h蓝色7.8AH【出口高品质保证】续航20-25km速度25km/h黑色7.8AH【出口高品质保证】续航20-25km速度25km/h经典色10.5AH【出口高品质保证】续航30-40km速度35km/h粉色10.5AH【出口高品质保证】续航30-40km速度35km/h蓝色10.5AH【出口高品质保证】续航30-40km速度35km/h黑色10.5AH【出口高品质保证】续航30-40km速度35km/h', '电压:36V', '是否可折叠:可折叠', '款式:两轮', '适用人群:通用', '最高时速:18km/h以上', '续航里程:25km(含)-35km(不含)']",电动滑板车成年折叠轻便小型锂电池代驾两轮代步车上班迷你电瓶车,zukboard旗舰店,zukboard
2019-10-22,电压:36V;颜色分类:蓝色7.8AH【出口高品质保证】续航20-25km速度25km/h,5,天猫,减震很好，物有所值，大气，美观，性价比高，跑起来很快，客服解答问题很耐心,2019-10-16 14:46:36,2899.00,"['型号:ZUBOARD', '品牌:ZUKBOARD', '颜色分类:特价随机色6.4AH【出口高品质保证】续航10-15km速度25km/h经典色7.8AH【出口高品质保证】续航20-25km速度25km/h粉色7.8AH【出口高品质保证】续航20-25km速度25km/h蓝色7.8AH【出口高品质保证】续航20-25km速度25km/h黑色7.8AH【出口高品质保证】续航20-25km速度25km/h经典色10.5AH【出口高品质保证】续航30-40km速度35km/h粉色10.5AH【出口高品质保证】续航30-40km速度35km/h蓝色10.5AH【出口高品质保证】续航30-40km速度35km/h黑色10.5AH【出口高品质保证】续航30-40km速度35km/h', '电压:36V', '是否可折叠:可折叠', '款式:两轮', '适用人群:通用', '最高时速:18km/h以上', '续航里程:25km(含)-35km(不含)']",电动滑板车成年折叠轻便小型锂电池代驾两轮代步车上班迷你电瓶车,zukboard旗舰店,zukboard
2019-10-22,电压:36V;颜色分类:经典色10.5AH【出口高品质保证】续航30-40km速度35km/h,5,天猫,除了平时骑行外，还可以放在后备箱外出旅行时用，十分喜欢，外观样式都很独特，客服也非常专业,2019-10-07 10:56:25,2899.00,"['型号:ZUBOARD', '品牌:ZUKBOARD', '颜色分类:特价随机色6.4AH【出口高品质保证】续航10-15km速度25km/h经典色7.8AH【出口高品质保证】续航20-25km速度25km/h粉色7.8AH【出口高品质保证】续航20-25km速度25km/h蓝色7.8AH【出口高品质保证】续航20-25km速度25km/h黑色7.8AH【出口高品质保证】续航20-25km速度25km/h经典色10.5AH【出口高品质保证】续航30-40km速度35km/h粉色10.5AH【出口高品质保证】续航30-40km速度35km/h蓝色10.5AH【出口高品质保证】续航30-40km速度35km/h黑色10.5AH【出口高品质保证】续航30-40km速度35km/h', '电压:36V', '是否可折叠:可折叠', '款式:两轮', '适用人群:通用', '最高时速:18km/h以上', '续航里程:25km(含)-35km(不含)']",电动滑板车成年折叠轻便小型锂电池代驾两轮代步车上班迷你电瓶车,zukboard旗舰店,zukboard
2019-10-22,电压:36V;颜色分类:粉色10.5AH【出口高品质保证】续航30-40km速度35km/h,5,天猫,出行代步非常实用，轮胎，踏板都很高端，骑着很稳当，是一款性价比高的滑板车,2019-10-12 19:18:09,2899.00,"['型号:ZUBOARD', '品牌:ZUKBOARD', '颜色分类:特价随机色6.4AH【出口高品质保证】续航10-15km速度25km/h经典色7.8AH【出口高品质保证】续航20-25km速度25km/h粉色7.8AH【出口高品质保证】续航20-25km速度25km/h蓝色7.8AH【出口高品质保证】续航20-25km速度25km/h黑色7.8AH【出口高品质保证】续航20-25km速度25km/h经典色10.5AH【出口高品质保证】续航30-40km速度35km/h粉色10.5AH【出口高品质保证】续航30-40km速度35km/h蓝色10.5AH【出口高品质保证】续航30-40km速度35km/h黑色10.5AH【出口高品质保证】续航30-40km速度35km/h', '电压:36V', '是否可折叠:可折叠', '款式:两轮', '适用人群:通用', '最高时速:18km/h以上', '续航里程:25km(含)-35km(不含)']",电动滑板车成年折叠轻便小型锂电池代驾两轮代步车上班迷你电瓶车,zukboard旗舰店,zukboard
2019-10-22,电压:36V;颜色分类:粉色10.5AH【出口高品质保证】续航30-40km速度35km/h,5,天猫,收到货很惊喜哦，承受能力很强，上档次，上下班用或者平时出门逛街都很方便，客服小姐姐也很热情哦,2019-09-21 12:07:53,2899.00,"['型号:ZUBOARD', '品牌:ZUKBOARD', '颜色分类:特价随机色6.4AH【出口高品质保证】续航10-15km速度25km/h经典色7.8AH【出口高品质保证】续航20-25km速度25km/h粉色7.8AH【出口高品质保证】续航20-25km速度25km/h蓝色7.8AH【出口高品质保证】续航20-25km速度25km/h黑色7.8AH【出口高品质保证】续航20-25km速度25km/h经典色10.5AH【出口高品质保证】续航30-40km速度35km/h粉色10.5AH【出口高品质保证】续航30-40km速度35km/h蓝色10.5AH【出口高品质保证】续航30-40km速度35km/h黑色10.5AH【出口高品质保证】续航30-40km速度35km/h', '电压:36V', '是否可折叠:可折叠', '款式:两轮', '适用人群:通用', '最高时速:18km/h以上', '续航里程:25km(含)-35km(不含)']",电动滑板车成年折叠轻便小型锂电池代驾两轮代步车上班迷你电瓶车,zukboard旗舰店,zukboard
2019-10-22,电压:36V;颜色分类:经典色10.5AH【出口高品质保证】续航30-40km速度35km/h,5,天猫,买来在学校上课用的，出门好多同学围观，骑行很稳哦，分三档，我觉得二档就适合我了，速度很快，售后服务也很到位，耐思~,2019-09-23 15:23:06,2899.00,"['型号:ZUBOARD', '品牌:ZUKBOARD', '颜色分类:特价随机色6.4AH【出口高品质保证】续航10-15km速度25km/h经典色7.8AH【出口高品质保证】续航20-25km速度25km/h粉色7.8AH【出口高品质保证】续航20-25km速度25km/h蓝色7.8AH【出口高品质保证】续航20-25km速度25km/h黑色7.8AH【出口高品质保证】续航20-25km速度25km/h经典色10.5AH【出口高品质保证】续航30-40km速度35km/h粉色10.5AH【出口高品质保证】续航30-40km速度35km/h蓝色10.5AH【出口高品质保证】续航30-40km速度35km/h黑色10.5AH【出口高品质保证】续航30-40km速度35km/h', '电压:36V', '是否可折叠:可折叠', '款式:两轮', '适用人群:通用', '最高时速:18km/h以上', '续航里程:25km(含)-35km(不含)']",电动滑板车成年折叠轻便小型锂电池代驾两轮代步车上班迷你电瓶车,zukboard旗舰店,zukboard
2019-10-22,电压:36V;颜色分类:粉色7.8AH【出口高品质保证】续航20-25km速度25km/h,5,天猫,很不错的宝贝呀呀呀,2019-10-20 12:06:53,2899.00,"['型号:ZUBOARD', '品牌:ZUKBOARD', '颜色分类:特价随机色6.4AH【出口高品质保证】续航10-15km速度25km/h经典色7.8AH【出口高品质保证】续航20-25km速度25km/h粉色7.8AH【出口高品质保证】续航20-25km速度25km/h蓝色7.8AH【出口高品质保证】续航20-25km速度25km/h黑色7.8AH【出口高品质保证】续航20-25km速度25km/h经典色10.5AH【出口高品质保证】续航30-40km速度35km/h粉色10.5AH【出口高品质保证】续航30-40km速度35km/h蓝色10.5AH【出口高品质保证】续航30-40km速度35km/h黑色10.5AH【出口高品质保证】续航30-40km速度35km/h', '电压:36V', '是否可折叠:可折叠', '款式:两轮', '适用人群:通用', '最高时速:18km/h以上', '续航里程:25km(含)-35km(不含)']",电动滑板车成年折叠轻便小型锂电池代驾两轮代步车上班迷你电瓶车,zukboard旗舰店,zukboard
2019-10-22,电压:36V;颜色分类:粉色7.8AH【出口高品质保证】续航20-25km速度25km/h,5,天猫,质量很好，骑了一段时间了，很轻便，动力很足，粉色的很合适女生骑。,2019-10-12 13:25:40,2899.00,"['型号:ZUBOARD', '品牌:ZUKBOARD', '颜色分类:特价随机色6.4AH【出口高品质保证】续航10-15km速度25km/h经典色7.8AH【出口高品质保证】续航20-25km速度25km/h粉色7.8AH【出口高品质保证】续航20-25km速度25km/h蓝色7.8AH【出口高品质保证】续航20-25km速度25km/h黑色7.8AH【出口高品质保证】续航20-25km速度25km/h经典色10.5AH【出口高品质保证】续航30-40km速度35km/h粉色10.5AH【出口高品质保证】续航30-40km速度35km/h蓝色10.5AH【出口高品质保证】续航30-40km速度35km/h黑色10.5AH【出口高品质保证】续航30-40km速度35km/h', '电压:36V', '是否可折叠:可折叠', '款式:两轮', '适用人群:通用', '最高时速:18km/h以上', '续航里程:25km(含)-35km(不含)']",电动滑板车成年折叠轻便小型锂电池代驾两轮代步车上班迷你电瓶车,zukboard旗舰店,zukboard
2019-10-22,电压:36V;颜色分类:粉色10.5AH【出口高品质保证】续航30-40km速度35km/h,5,天猫,车车很不错，样子很酷炫，店家掌柜很耐心，回答问询很及时，孩子说挺喜欢。等骑一段时间再来说说电池的续航能力,2019-10-13 19:33:27,2899.00,"['型号:ZUBOARD', '品牌:ZUKBOARD', '颜色分类:特价随机色6.4AH【出口高品质保证】续航10-15km速度25km/h经典色7.8AH【出口高品质保证】续航20-25km速度25km/h粉色7.8AH【出口高品质保证】续航20-25km速度25km/h蓝色7.8AH【出口高品质保证】续航20-25km速度25km/h黑色7.8AH【出口高品质保证】续航20-25km速度25km/h经典色10.5AH【出口高品质保证】续航30-40km速度35km/h粉色10.5AH【出口高品质保证】续航30-40km速度35km/h蓝色10.5AH【出口高品质保证】续航30-40km速度35km/h黑色10.5AH【出口高品质保证】续航30-40km速度35km/h', '电压:36V', '是否可折叠:可折叠', '款式:两轮', '适用人群:通用', '最高时速:18km/h以上', '续航里程:25km(含)-35km(不含)']",电动滑板车成年折叠轻便小型锂电池代驾两轮代步车上班迷你电瓶车,zukboard旗舰店,zukboard
2019-10-22,电压:36V;颜色分类:粉色7.8AH【出口高品质保证】续航20-25km速度25km/h,5,天猫,这款粉色的很好看哦，收到滑板车在客服耐心的指导下，很轻松就装好了，骑着很稳，折叠后拿着下楼梯很容易，小个子也能轻松驾驭哦，绝对值得拥有,2019-09-11 15:45:22,2899.00,"['型号:ZUBOARD', '品牌:ZUKBOARD', '颜色分类:特价随机色6.4AH【出口高品质保证】续航10-15km速度25km/h经典色7.8AH【出口高品质保证】续航20-25km速度25km/h粉色7.8AH【出口高品质保证】续航20-25km速度25km/h蓝色7.8AH【出口高品质保证】续航20-25km速度25km/h黑色7.8AH【出口高品质保证】续航20-25km速度25km/h经典色10.5AH【出口高品质保证】续航30-40km速度35km/h粉色10.5AH【出口高品质保证】续航30-40km速度35km/h蓝色10.5AH【出口高品质保证】续航30-40km速度35km/h黑色10.5AH【出口高品质保证】续航30-40km速度35km/h', '电压:36V', '是否可折叠:可折叠', '款式:两轮', '适用人群:通用', '最高时速:18km/h以上', '续航里程:25km(含)-35km(不含)']",电动滑板车成年折叠轻便小型锂电池代驾两轮代步车上班迷你电瓶车,zukboard旗舰店,zukboard
2019-10-22,电压:36V;颜色分类:经典色10.5AH【出口高品质保证】续航30-40km速度35km/h,5,天猫,宝贝已收到，第一次骑行，感觉很舒服。,2019-10-13 23:18:32,2899.00,"['型号:ZUBOARD', '品牌:ZUKBOARD', '颜色分类:特价随机色6.4AH【出口高品质保证】续航10-15km速度25km/h经典色7.8AH【出口高品质保证】续航20-25km速度25km/h粉色7.8AH【出口高品质保证】续航20-25km速度25km/h蓝色7.8AH【出口高品质保证】续航20-25km速度25km/h黑色7.8AH【出口高品质保证】续航20-25km速度25km/h经典色10.5AH【出口高品质保证】续航30-40km速度35km/h粉色10.5AH【出口高品质保证】续航30-40km速度35km/h蓝色10.5AH【出口高品质保证】续航30-40km速度35km/h黑色10.5AH【出口高品质保证】续航30-40km速度35km/h', '电压:36V', '是否可折叠:可折叠', '款式:两轮', '适用人群:通用', '最高时速:18km/h以上', '续航里程:25km(含)-35km(不含)']",电动滑板车成年折叠轻便小型锂电池代驾两轮代步车上班迷你电瓶车,zukboard旗舰店,zukboard
2019-10-22,电压:36V;颜色分类:粉色10.5AH【出口高品质保证】续航30-40km速度35km/h,5,天猫,骑了好多天了，小巧功能全，充电真的快，晚上骑前面有大灯，对比了很多家，有些电池是在踏板位置，这家的电池是在车管处，感觉更防水，使用寿命更长,2019-10-05 23:14:47,2899.00,"['型号:ZUBOARD', '品牌:ZUKBOARD', '颜色分类:特价随机色6.4AH【出口高品质保证】续航10-15km速度25km/h经典色7.8AH【出口高品质保证】续航20-25km速度25km/h粉色7.8AH【出口高品质保证】续航20-25km速度25km/h蓝色7.8AH【出口高品质保证】续航20-25km速度25km/h黑色7.8AH【出口高品质保证】续航20-25km速度25km/h经典色10.5AH【出口高品质保证】续航30-40km速度35km/h粉色10.5AH【出口高品质保证】续航30-40km速度35km/h蓝色10.5AH【出口高品质保证】续航30-40km速度35km/h黑色10.5AH【出口高品质保证】续航30-40km速度35km/h', '电压:36V', '是否可折叠:可折叠', '款式:两轮', '适用人群:通用', '最高时速:18km/h以上', '续航里程:25km(含)-35km(不含)']",电动滑板车成年折叠轻便小型锂电池代驾两轮代步车上班迷你电瓶车,zukboard旗舰店,zukboard
2019-10-22,电压:36V;颜色分类:蓝色7.8AH【出口高品质保证】续航20-25km速度25km/h,5,天猫,上班出门都很方便，行驶之后再来评价，减震好，动力足，刹车快，电池耐用，可以给手机充电，送了手机支架可以用上，很满意，售后服务也很好，客服很亲切，会为客户考虑，很会聊，已推荐给好几个朋友，看中的朋友不用犹豫，肯定会喜欢,2019-09-28 11:37:49,2899.00,"['型号:ZUBOARD', '品牌:ZUKBOARD', '颜色分类:特价随机色6.4AH【出口高品质保证】续航10-15km速度25km/h经典色7.8AH【出口高品质保证】续航20-25km速度25km/h粉色7.8AH【出口高品质保证】续航20-25km速度25km/h蓝色7.8AH【出口高品质保证】续航20-25km速度25km/h黑色7.8AH【出口高品质保证】续航20-25km速度25km/h经典色10.5AH【出口高品质保证】续航30-40km速度35km/h粉色10.5AH【出口高品质保证】续航30-40km速度35km/h蓝色10.5AH【出口高品质保证】续航30-40km速度35km/h黑色10.5AH【出口高品质保证】续航30-40km速度35km/h', '电压:36V', '是否可折叠:可折叠', '款式:两轮', '适用人群:通用', '最高时速:18km/h以上', '续航里程:25km(含)-35km(不含)']",电动滑板车成年折叠轻便小型锂电池代驾两轮代步车上班迷你电瓶车,zukboard旗舰店,zukboard
2019-10-22,电压:36V;颜色分类:黑色10.5AH【出口高品质保证】续航30-40km速度35km/h,5,天猫,包装很完整，安装也比较简单，车车骑着很稳，做工和质量加分，上下楼梯拿很方便，折叠起来就好了，在路上很稳不抖，很满意，下次还会买多一台！,2019-09-07 15:33:50,2899.00,"['型号:ZUBOARD', '品牌:ZUKBOARD', '颜色分类:特价随机色6.4AH【出口高品质保证】续航10-15km速度25km/h经典色7.8AH【出口高品质保证】续航20-25km速度25km/h粉色7.8AH【出口高品质保证】续航20-25km速度25km/h蓝色7.8AH【出口高品质保证】续航20-25km速度25km/h黑色7.8AH【出口高品质保证】续航20-25km速度25km/h经典色10.5AH【出口高品质保证】续航30-40km速度35km/h粉色10.5AH【出口高品质保证】续航30-40km速度35km/h蓝色10.5AH【出口高品质保证】续航30-40km速度35km/h黑色10.5AH【出口高品质保证】续航30-40km速度35km/h', '电压:36V', '是否可折叠:可折叠', '款式:两轮', '适用人群:通用', '最高时速:18km/h以上', '续航里程:25km(含)-35km(不含)']",电动滑板车成年折叠轻便小型锂电池代驾两轮代步车上班迷你电瓶车,zukboard旗舰店,zukboard
2019-10-22,电压:36V;颜色分类:蓝色7.8AH【出口高品质保证】续航20-25km速度25km/h,5,天猫,车子速度很快，颜值超高，身边的人都说好看，就是总量不轻，比我以前骑都沉个5斤左右，不过减震方面特别好，轮子很大，在不平的道路上颠簸感很轻。特意按照喜欢的样式搭配，卖家很好，满足了我的要求。总之就是一次很满意的购物，希望电池抗用一点，因为每天骑行距离不远所以选择的国产电池款。,2019-09-24 13:53:37,2899.00,"['型号:ZUBOARD', '品牌:ZUKBOARD', '颜色分类:特价随机色6.4AH【出口高品质保证】续航10-15km速度25km/h经典色7.8AH【出口高品质保证】续航20-25km速度25km/h粉色7.8AH【出口高品质保证】续航20-25km速度25km/h蓝色7.8AH【出口高品质保证】续航20-25km速度25km/h黑色7.8AH【出口高品质保证】续航20-25km速度25km/h经典色10.5AH【出口高品质保证】续航30-40km速度35km/h粉色10.5AH【出口高品质保证】续航30-40km速度35km/h蓝色10.5AH【出口高品质保证】续航30-40km速度35km/h黑色10.5AH【出口高品质保证】续航30-40km速度35km/h', '电压:36V', '是否可折叠:可折叠', '款式:两轮', '适用人群:通用', '最高时速:18km/h以上', '续航里程:25km(含)-35km(不含)']",电动滑板车成年折叠轻便小型锂电池代驾两轮代步车上班迷你电瓶车,zukboard旗舰店,zukboard
2019-10-22,电压:36V;颜色分类:粉色10.5AH【出口高品质保证】续航30-40km速度35km/h,5,天猫,和图片一样，粉色很独一无二，充电速度很快，比普通电动车更容易上手，减震确实很好,2019-09-25 16:38:44,2899.00,"['型号:ZUBOARD', '品牌:ZUKBOARD', '颜色分类:特价随机色6.4AH【出口高品质保证】续航10-15km速度25km/h经典色7.8AH【出口高品质保证】续航20-25km速度25km/h粉色7.8AH【出口高品质保证】续航20-25km速度25km/h蓝色7.8AH【出口高品质保证】续航20-25km速度25km/h黑色7.8AH【出口高品质保证】续航20-25km速度25km/h经典色10.5AH【出口高品质保证】续航30-40km速度35km/h粉色10.5AH【出口高品质保证】续航30-40km速度35km/h蓝色10.5AH【出口高品质保证】续航30-40km速度35km/h黑色10.5AH【出口高品质保证】续航30-40km速度35km/h', '电压:36V', '是否可折叠:可折叠', '款式:两轮', '适用人群:通用', '最高时速:18km/h以上', '续航里程:25km(含)-35km(不含)']",电动滑板车成年折叠轻便小型锂电池代驾两轮代步车上班迷你电瓶车,zukboard旗舰店,zukboard
2019-10-22,电压:36V;颜色分类:经典色7.8AH【出口高品质保证】续航20-25km速度25km/h,5,天猫,车子很好，看详情说是出口的，所以买的时候很放心，到货后用了几天 确实好用，现在基本上短途出去，都会带上滑板车。女儿也超喜欢,2019-09-25 06:30:42,2899.00,"['型号:ZUBOARD', '品牌:ZUKBOARD', '颜色分类:特价随机色6.4AH【出口高品质保证】续航10-15km速度25km/h经典色7.8AH【出口高品质保证】续航20-25km速度25km/h粉色7.8AH【出口高品质保证】续航20-25km速度25km/h蓝色7.8AH【出口高品质保证】续航20-25km速度25km/h黑色7.8AH【出口高品质保证】续航20-25km速度25km/h经典色10.5AH【出口高品质保证】续航30-40km速度35km/h粉色10.5AH【出口高品质保证】续航30-40km速度35km/h蓝色10.5AH【出口高品质保证】续航30-40km速度35km/h黑色10.5AH【出口高品质保证】续航30-40km速度35km/h', '电压:36V', '是否可折叠:可折叠', '款式:两轮', '适用人群:通用', '最高时速:18km/h以上', '续航里程:25km(含)-35km(不含)']",电动滑板车成年折叠轻便小型锂电池代驾两轮代步车上班迷你电瓶车,zukboard旗舰店,zukboard
2019-10-22,电压:36V;颜色分类:黑色10.5AH【出口高品质保证】续航30-40km速度35km/h,5,天猫,车子收到了 感觉每一处都做到很到位，速度很快，动力很强劲，客服小姐姐非常有耐心哦,2019-10-06 11:18:25,2899.00,"['型号:ZUBOARD', '品牌:ZUKBOARD', '颜色分类:特价随机色6.4AH【出口高品质保证】续航10-15km速度25km/h经典色7.8AH【出口高品质保证】续航20-25km速度25km/h粉色7.8AH【出口高品质保证】续航20-25km速度25km/h蓝色7.8AH【出口高品质保证】续航20-25km速度25km/h黑色7.8AH【出口高品质保证】续航20-25km速度25km/h经典色10.5AH【出口高品质保证】续航30-40km速度35km/h粉色10.5AH【出口高品质保证】续航30-40km速度35km/h蓝色10.5AH【出口高品质保证】续航30-40km速度35km/h黑色10.5AH【出口高品质保证】续航30-40km速度35km/h', '电压:36V', '是否可折叠:可折叠', '款式:两轮', '适用人群:通用', '最高时速:18km/h以上', '续航里程:25km(含)-35km(不含)']",电动滑板车成年折叠轻便小型锂电池代驾两轮代步车上班迷你电瓶车,zukboard旗舰店,zukboard
2019-10-22,电压:36V;颜色分类:黑色7.8AH【出口高品质保证】续航20-25km速度25km/h,5,天猫,车子质感真的好，细节很到位，符合我的预期，黑色大气耐看，性价比高，物流快，关键客服真的好会聊还耐心~推荐,2019-09-27 11:33:20,2899.00,"['型号:ZUBOARD', '品牌:ZUKBOARD', '颜色分类:特价随机色6.4AH【出口高品质保证】续航10-15km速度25km/h经典色7.8AH【出口高品质保证】续航20-25km速度25km/h粉色7.8AH【出口高品质保证】续航20-25km速度25km/h蓝色7.8AH【出口高品质保证】续航20-25km速度25km/h黑色7.8AH【出口高品质保证】续航20-25km速度25km/h经典色10.5AH【出口高品质保证】续航30-40km速度35km/h粉色10.5AH【出口高品质保证】续航30-40km速度35km/h蓝色10.5AH【出口高品质保证】续航30-40km速度35km/h黑色10.5AH【出口高品质保证】续航30-40km速度35km/h', '电压:36V', '是否可折叠:可折叠', '款式:两轮', '适用人群:通用', '最高时速:18km/h以上', '续航里程:25km(含)-35km(不含)']",电动滑板车成年折叠轻便小型锂电池代驾两轮代步车上班迷你电瓶车,zukboard旗舰店,zukboard
2019-10-22,电压:36V;颜色分类:粉色7.8AH【出口高品质保证】续航20-25km速度25km/h,5,天猫,每天等公交车要花好多时间，现在可以直接骑着滑板车到公司，省了很多时间，粉色很好看，设计的很好，非常喜欢哦,2019-09-27 11:12:13,2899.00,"['型号:ZUBOARD', '品牌:ZUKBOARD', '颜色分类:特价随机色6.4AH【出口高品质保证】续航10-15km速度25km/h经典色7.8AH【出口高品质保证】续航20-25km速度25km/h粉色7.8AH【出口高品质保证】续航20-25km速度25km/h蓝色7.8AH【出口高品质保证】续航20-25km速度25km/h黑色7.8AH【出口高品质保证】续航20-25km速度25km/h经典色10.5AH【出口高品质保证】续航30-40km速度35km/h粉色10.5AH【出口高品质保证】续航30-40km速度35km/h蓝色10.5AH【出口高品质保证】续航30-40km速度35km/h黑色10.5AH【出口高品质保证】续航30-40km速度35km/h', '电压:36V', '是否可折叠:可折叠', '款式:两轮', '适用人群:通用', '最高时速:18km/h以上', '续航里程:25km(含)-35km(不含)']",电动滑板车成年折叠轻便小型锂电池代驾两轮代步车上班迷你电瓶车,zukboard旗舰店,zukboard
2019-10-22,电压:36V;颜色分类:粉色7.8AH【出口高品质保证】续航20-25km速度25km/h,5,天猫,车子做工质量真的很好，满意，物流很快，满意，客服服务好，满意，最最最重要的滑板车外观设计漂亮，老婆非常喜欢，满意,2019-09-28 09:43:19,2899.00,"['型号:ZUBOARD', '品牌:ZUKBOARD', '颜色分类:特价随机色6.4AH【出口高品质保证】续航10-15km速度25km/h经典色7.8AH【出口高品质保证】续航20-25km速度25km/h粉色7.8AH【出口高品质保证】续航20-25km速度25km/h蓝色7.8AH【出口高品质保证】续航20-25km速度25km/h黑色7.8AH【出口高品质保证】续航20-25km速度25km/h经典色10.5AH【出口高品质保证】续航30-40km速度35km/h粉色10.5AH【出口高品质保证】续航30-40km速度35km/h蓝色10.5AH【出口高品质保证】续航30-40km速度35km/h黑色10.5AH【出口高品质保证】续航30-40km速度35km/h', '电压:36V', '是否可折叠:可折叠', '款式:两轮', '适用人群:通用', '最高时速:18km/h以上', '续航里程:25km(含)-35km(不含)']",电动滑板车成年折叠轻便小型锂电池代驾两轮代步车上班迷你电瓶车,zukboard旗舰店,zukboard
2019-10-22,电压:36V;颜色分类:经典色10.5AH【出口高品质保证】续航30-40km速度35km/h,5,天猫,测试了下滑板车的动力，动力十足啊，颜色男女都比较适合，折叠也很方便，很快速。爬坡也能轻松而上，完全符合我想要的，以后出门旅行也可以放后备箱。不错不错，非常满意,2019-08-29 16:38:41,2899.00,"['型号:ZUBOARD', '品牌:ZUKBOARD', '颜色分类:特价随机色6.4AH【出口高品质保证】续航10-15km速度25km/h经典色7.8AH【出口高品质保证】续航20-25km速度25km/h粉色7.8AH【出口高品质保证】续航20-25km速度25km/h蓝色7.8AH【出口高品质保证】续航20-25km速度25km/h黑色7.8AH【出口高品质保证】续航20-25km速度25km/h经典色10.5AH【出口高品质保证】续航30-40km速度35km/h粉色10.5AH【出口高品质保证】续航30-40km速度35km/h蓝色10.5AH【出口高品质保证】续航30-40km速度35km/h黑色10.5AH【出口高品质保证】续航30-40km速度35km/h', '电压:36V', '是否可折叠:可折叠', '款式:两轮', '适用人群:通用', '最高时速:18km/h以上', '续航里程:25km(含)-35km(不含)']",电动滑板车成年折叠轻便小型锂电池代驾两轮代步车上班迷你电瓶车,zukboard旗舰店,zukboard
2019-10-22,电压:36V;颜色分类:经典色10.5AH【出口高品质保证】续航30-40km速度35km/h,5,天猫,每次出门，都会有人围观，小孩子也都很喜欢，占着我的车不下来，老板，我要再来一辆,2019-09-29 17:57:52,2899.00,"['型号:ZUBOARD', '品牌:ZUKBOARD', '颜色分类:特价随机色6.4AH【出口高品质保证】续航10-15km速度25km/h经典色7.8AH【出口高品质保证】续航20-25km速度25km/h粉色7.8AH【出口高品质保证】续航20-25km速度25km/h蓝色7.8AH【出口高品质保证】续航20-25km速度25km/h黑色7.8AH【出口高品质保证】续航20-25km速度25km/h经典色10.5AH【出口高品质保证】续航30-40km速度35km/h粉色10.5AH【出口高品质保证】续航30-40km速度35km/h蓝色10.5AH【出口高品质保证】续航30-40km速度35km/h黑色10.5AH【出口高品质保证】续航30-40km速度35km/h', '电压:36V', '是否可折叠:可折叠', '款式:两轮', '适用人群:通用', '最高时速:18km/h以上', '续航里程:25km(含)-35km(不含)']",电动滑板车成年折叠轻便小型锂电池代驾两轮代步车上班迷你电瓶车,zukboard旗舰店,zukboard
2019-10-22,电压:36V;颜色分类:蓝色7.8AH【出口高品质保证】续航20-25km速度25km/h,5,天猫,减震效果好，坑洼路段也能骑行，实用，客服指导细心，物流也很快，出门拿个快递，很溜,2019-09-29 18:15:00,2899.00,"['型号:ZUBOARD', '品牌:ZUKBOARD', '颜色分类:特价随机色6.4AH【出口高品质保证】续航10-15km速度25km/h经典色7.8AH【出口高品质保证】续航20-25km速度25km/h粉色7.8AH【出口高品质保证】续航20-25km速度25km/h蓝色7.8AH【出口高品质保证】续航20-25km速度25km/h黑色7.8AH【出口高品质保证】续航20-25km速度25km/h经典色10.5AH【出口高品质保证】续航30-40km速度35km/h粉色10.5AH【出口高品质保证】续航30-40km速度35km/h蓝色10.5AH【出口高品质保证】续航30-40km速度35km/h黑色10.5AH【出口高品质保证】续航30-40km速度35km/h', '电压:36V', '是否可折叠:可折叠', '款式:两轮', '适用人群:通用', '最高时速:18km/h以上', '续航里程:25km(含)-35km(不含)']",电动滑板车成年折叠轻便小型锂电池代驾两轮代步车上班迷你电瓶车,zukboard旗舰店,zukboard
2019-10-22,电压:36V;颜色分类:黑色7.8AH【出口高品质保证】续航20-25km速度25km/h,5,天猫,滑板车老婆很喜欢，试行了一下，在秋日里，穿梭在城市间，迎风吹的感觉真好，不用堵车，很方便。后备箱放着正好，以后短途就用它了。,2019-09-24 17:34:45,2899.00,"['型号:ZUBOARD', '品牌:ZUKBOARD', '颜色分类:特价随机色6.4AH【出口高品质保证】续航10-15km速度25km/h经典色7.8AH【出口高品质保证】续航20-25km速度25km/h粉色7.8AH【出口高品质保证】续航20-25km速度25km/h蓝色7.8AH【出口高品质保证】续航20-25km速度25km/h黑色7.8AH【出口高品质保证】续航20-25km速度25km/h经典色10.5AH【出口高品质保证】续航30-40km速度35km/h粉色10.5AH【出口高品质保证】续航30-40km速度35km/h蓝色10.5AH【出口高品质保证】续航30-40km速度35km/h黑色10.5AH【出口高品质保证】续航30-40km速度35km/h', '电压:36V', '是否可折叠:可折叠', '款式:两轮', '适用人群:通用', '最高时速:18km/h以上', '续航里程:25km(含)-35km(不含)']",电动滑板车成年折叠轻便小型锂电池代驾两轮代步车上班迷你电瓶车,zukboard旗舰店,zukboard
2019-10-22,电压:36V;颜色分类:经典色10.5AH【出口高品质保证】续航30-40km速度35km/h,5,天猫,超喜欢这款的外观，找了好多家，这家的踏板最有特色，属于绝对不撞款的那种，电池续航也很给力，感觉自己眼光很不错呵呵呵,2019-09-24 21:00:28,2899.00,"['型号:ZUBOARD', '品牌:ZUKBOARD', '颜色分类:特价随机色6.4AH【出口高品质保证】续航10-15km速度25km/h经典色7.8AH【出口高品质保证】续航20-25km速度25km/h粉色7.8AH【出口高品质保证】续航20-25km速度25km/h蓝色7.8AH【出口高品质保证】续航20-25km速度25km/h黑色7.8AH【出口高品质保证】续航20-25km速度25km/h经典色10.5AH【出口高品质保证】续航30-40km速度35km/h粉色10.5AH【出口高品质保证】续航30-40km速度35km/h蓝色10.5AH【出口高品质保证】续航30-40km速度35km/h黑色10.5AH【出口高品质保证】续航30-40km速度35km/h', '电压:36V', '是否可折叠:可折叠', '款式:两轮', '适用人群:通用', '最高时速:18km/h以上', '续航里程:25km(含)-35km(不含)']",电动滑板车成年折叠轻便小型锂电池代驾两轮代步车上班迷你电瓶车,zukboard旗舰店,zukboard
2019-10-22,电压:36V;颜色分类:蓝色10.5AH【出口高品质保证】续航30-40km速度35km/h,5,天猫,车子整体感觉很不错，第一眼就看中了，之后对比了很多滑板车 ，还是觉得这款更高级，更喜欢！,2019-09-26 15:57:05,2899.00,"['型号:ZUBOARD', '品牌:ZUKBOARD', '颜色分类:特价随机色6.4AH【出口高品质保证】续航10-15km速度25km/h经典色7.8AH【出口高品质保证】续航20-25km速度25km/h粉色7.8AH【出口高品质保证】续航20-25km速度25km/h蓝色7.8AH【出口高品质保证】续航20-25km速度25km/h黑色7.8AH【出口高品质保证】续航20-25km速度25km/h经典色10.5AH【出口高品质保证】续航30-40km速度35km/h粉色10.5AH【出口高品质保证】续航30-40km速度35km/h蓝色10.5AH【出口高品质保证】续航30-40km速度35km/h黑色10.5AH【出口高品质保证】续航30-40km速度35km/h', '电压:36V', '是否可折叠:可折叠', '款式:两轮', '适用人群:通用', '最高时速:18km/h以上', '续航里程:25km(含)-35km(不含)']",电动滑板车成年折叠轻便小型锂电池代驾两轮代步车上班迷你电瓶车,zukboard旗舰店,zukboard
2019-10-22,电压:36V;颜色分类:黑色10.5AH【出口高品质保证】续航30-40km速度35km/h,5,天猫,用了一段时间，感觉比之前两次买的好很多，减震好，通过性很高，小巧功能全还能给手机充电,2019-09-26 19:54:46,2899.00,"['型号:ZUBOARD', '品牌:ZUKBOARD', '颜色分类:特价随机色6.4AH【出口高品质保证】续航10-15km速度25km/h经典色7.8AH【出口高品质保证】续航20-25km速度25km/h粉色7.8AH【出口高品质保证】续航20-25km速度25km/h蓝色7.8AH【出口高品质保证】续航20-25km速度25km/h黑色7.8AH【出口高品质保证】续航20-25km速度25km/h经典色10.5AH【出口高品质保证】续航30-40km速度35km/h粉色10.5AH【出口高品质保证】续航30-40km速度35km/h蓝色10.5AH【出口高品质保证】续航30-40km速度35km/h黑色10.5AH【出口高品质保证】续航30-40km速度35km/h', '电压:36V', '是否可折叠:可折叠', '款式:两轮', '适用人群:通用', '最高时速:18km/h以上', '续航里程:25km(含)-35km(不含)']",电动滑板车成年折叠轻便小型锂电池代驾两轮代步车上班迷你电瓶车,zukboard旗舰店,zukboard
2019-10-22,电压:36V;颜色分类:粉色10.5AH【出口高品质保证】续航30-40km速度35km/h,5,天猫,可以不再花钱打车啦，从此以后逛街不再孤单，可以带着小滑板车吃饭逛商场，能折叠还能给手机充电，开心,2019-09-21 13:16:53,2899.00,"['型号:ZUBOARD', '品牌:ZUKBOARD', '颜色分类:特价随机色6.4AH【出口高品质保证】续航10-15km速度25km/h经典色7.8AH【出口高品质保证】续航20-25km速度25km/h粉色7.8AH【出口高品质保证】续航20-25km速度25km/h蓝色7.8AH【出口高品质保证】续航20-25km速度25km/h黑色7.8AH【出口高品质保证】续航20-25km速度25km/h经典色10.5AH【出口高品质保证】续航30-40km速度35km/h粉色10.5AH【出口高品质保证】续航30-40km速度35km/h蓝色10.5AH【出口高品质保证】续航30-40km速度35km/h黑色10.5AH【出口高品质保证】续航30-40km速度35km/h', '电压:36V', '是否可折叠:可折叠', '款式:两轮', '适用人群:通用', '最高时速:18km/h以上', '续航里程:25km(含)-35km(不含)']",电动滑板车成年折叠轻便小型锂电池代驾两轮代步车上班迷你电瓶车,zukboard旗舰店,zukboard
2019-10-22,电压:36V;颜色分类:黑色10.5AH【出口高品质保证】续航30-40km速度35km/h,5,天猫,起步很平稳哦，刹车灵敏赞一个！可以完美穿过在上下班堵车高峰，炒鸡满意呀,2019-09-25 17:33:19,2899.00,"['型号:ZUBOARD', '品牌:ZUKBOARD', '颜色分类:特价随机色6.4AH【出口高品质保证】续航10-15km速度25km/h经典色7.8AH【出口高品质保证】续航20-25km速度25km/h粉色7.8AH【出口高品质保证】续航20-25km速度25km/h蓝色7.8AH【出口高品质保证】续航20-25km速度25km/h黑色7.8AH【出口高品质保证】续航20-25km速度25km/h经典色10.5AH【出口高品质保证】续航30-40km速度35km/h粉色10.5AH【出口高品质保证】续航30-40km速度35km/h蓝色10.5AH【出口高品质保证】续航30-40km速度35km/h黑色10.5AH【出口高品质保证】续航30-40km速度35km/h', '电压:36V', '是否可折叠:可折叠', '款式:两轮', '适用人群:通用', '最高时速:18km/h以上', '续航里程:25km(含)-35km(不含)']",电动滑板车成年折叠轻便小型锂电池代驾两轮代步车上班迷你电瓶车,zukboard旗舰店,zukboard
2019-10-22,电压:36V;颜色分类:粉色7.8AH【出口高品质保证】续航20-25km速度25km/h,5,天猫,首先车子做工很精致，跟评价说的差不多，质量不错颜值高。。卡扣那一块真的很稳定，折叠也很方便，放在后备箱绰绰有余。客服很有耐心，好久没有遇到这么会聊的客服了，哈哈哈。非常满意的部分就是刹车灵敏，符合理想要求，建议购买~,2019-09-12 16:06:51,2899.00,"['型号:ZUBOARD', '品牌:ZUKBOARD', '颜色分类:特价随机色6.4AH【出口高品质保证】续航10-15km速度25km/h经典色7.8AH【出口高品质保证】续航20-25km速度25km/h粉色7.8AH【出口高品质保证】续航20-25km速度25km/h蓝色7.8AH【出口高品质保证】续航20-25km速度25km/h黑色7.8AH【出口高品质保证】续航20-25km速度25km/h经典色10.5AH【出口高品质保证】续航30-40km速度35km/h粉色10.5AH【出口高品质保证】续航30-40km速度35km/h蓝色10.5AH【出口高品质保证】续航30-40km速度35km/h黑色10.5AH【出口高品质保证】续航30-40km速度35km/h', '电压:36V', '是否可折叠:可折叠', '款式:两轮', '适用人群:通用', '最高时速:18km/h以上', '续航里程:25km(含)-35km(不含)']",电动滑板车成年折叠轻便小型锂电池代驾两轮代步车上班迷你电瓶车,zukboard旗舰店,zukboard
2019-10-22,电压:36V;颜色分类:经典色10.5AH【出口高品质保证】续航30-40km速度35km/h,5,天猫,哈哈哈哈，半夜来个买家秀，超级棒，减震超级棒的， 秒杀同类型的一切滑板车，买的40km的，除了贵，没啥毛病，客服也特别好。哈哈哈哈 完美,2019-08-24 23:35:10,2899.00,"['型号:ZUBOARD', '品牌:ZUKBOARD', '颜色分类:特价随机色6.4AH【出口高品质保证】续航10-15km速度25km/h经典色7.8AH【出口高品质保证】续航20-25km速度25km/h粉色7.8AH【出口高品质保证】续航20-25km速度25km/h蓝色7.8AH【出口高品质保证】续航20-25km速度25km/h黑色7.8AH【出口高品质保证】续航20-25km速度25km/h经典色10.5AH【出口高品质保证】续航30-40km速度35km/h粉色10.5AH【出口高品质保证】续航30-40km速度35km/h蓝色10.5AH【出口高品质保证】续航30-40km速度35km/h黑色10.5AH【出口高品质保证】续航30-40km速度35km/h', '电压:36V', '是否可折叠:可折叠', '款式:两轮', '适用人群:通用', '最高时速:18km/h以上', '续航里程:25km(含)-35km(不含)']",电动滑板车成年折叠轻便小型锂电池代驾两轮代步车上班迷你电瓶车,zukboard旗舰店,zukboard
2019-10-22,电压:36V;颜色分类:蓝色7.8AH【出口高品质保证】续航20-25km速度25km/h,5,天猫,现在上班10分钟就到了，比以前省时间，可以提着上下楼梯，电池续航给力，赠的礼品实用,2019-09-28 19:39:13,2899.00,"['型号:ZUBOARD', '品牌:ZUKBOARD', '颜色分类:特价随机色6.4AH【出口高品质保证】续航10-15km速度25km/h经典色7.8AH【出口高品质保证】续航20-25km速度25km/h粉色7.8AH【出口高品质保证】续航20-25km速度25km/h蓝色7.8AH【出口高品质保证】续航20-25km速度25km/h黑色7.8AH【出口高品质保证】续航20-25km速度25km/h经典色10.5AH【出口高品质保证】续航30-40km速度35km/h粉色10.5AH【出口高品质保证】续航30-40km速度35km/h蓝色10.5AH【出口高品质保证】续航30-40km速度35km/h黑色10.5AH【出口高品质保证】续航30-40km速度35km/h', '电压:36V', '是否可折叠:可折叠', '款式:两轮', '适用人群:通用', '最高时速:18km/h以上', '续航里程:25km(含)-35km(不含)']",电动滑板车成年折叠轻便小型锂电池代驾两轮代步车上班迷你电瓶车,zukboard旗舰店,zukboard
2019-10-22,电压:36V;颜色分类:黑色10.5AH【出口高品质保证】续航30-40km速度35km/h,5,天猫,使用了半个多月了，原先接触过滑板车，这款外观设计独特，做工精致，黑色很高端，现在试骑后，充电很快，续航能力跟介绍的一样可以达到40公里，减震效果比我原先的那款好很多，后期咨询客服也很认真回答，很棒,2019-09-06 11:08:37,2899.00,"['型号:ZUBOARD', '品牌:ZUKBOARD', '颜色分类:特价随机色6.4AH【出口高品质保证】续航10-15km速度25km/h经典色7.8AH【出口高品质保证】续航20-25km速度25km/h粉色7.8AH【出口高品质保证】续航20-25km速度25km/h蓝色7.8AH【出口高品质保证】续航20-25km速度25km/h黑色7.8AH【出口高品质保证】续航20-25km速度25km/h经典色10.5AH【出口高品质保证】续航30-40km速度35km/h粉色10.5AH【出口高品质保证】续航30-40km速度35km/h蓝色10.5AH【出口高品质保证】续航30-40km速度35km/h黑色10.5AH【出口高品质保证】续航30-40km速度35km/h', '电压:36V', '是否可折叠:可折叠', '款式:两轮', '适用人群:通用', '最高时速:18km/h以上', '续航里程:25km(含)-35km(不含)']",电动滑板车成年折叠轻便小型锂电池代驾两轮代步车上班迷你电瓶车,zukboard旗舰店,zukboard
2019-10-22,电压:36V;颜色分类:经典色10.5AH【出口高品质保证】续航30-40km速度35km/h,5,天猫,有了滑板车每天能省不少的油费，还不堵车，家里的汽车现在都闲置了，感觉出门更方便了,2019-09-25 16:41:14,2899.00,"['型号:ZUBOARD', '品牌:ZUKBOARD', '颜色分类:特价随机色6.4AH【出口高品质保证】续航10-15km速度25km/h经典色7.8AH【出口高品质保证】续航20-25km速度25km/h粉色7.8AH【出口高品质保证】续航20-25km速度25km/h蓝色7.8AH【出口高品质保证】续航20-25km速度25km/h黑色7.8AH【出口高品质保证】续航20-25km速度25km/h经典色10.5AH【出口高品质保证】续航30-40km速度35km/h粉色10.5AH【出口高品质保证】续航30-40km速度35km/h蓝色10.5AH【出口高品质保证】续航30-40km速度35km/h黑色10.5AH【出口高品质保证】续航30-40km速度35km/h', '电压:36V', '是否可折叠:可折叠', '款式:两轮', '适用人群:通用', '最高时速:18km/h以上', '续航里程:25km(含)-35km(不含)']",电动滑板车成年折叠轻便小型锂电池代驾两轮代步车上班迷你电瓶车,zukboard旗舰店,zukboard
2019-10-22,电压:36V;颜色分类:经典色10.5AH【出口高品质保证】续航30-40km速度35km/h,5,天猫,物流很快，车子大小合适，放后备箱绰绰有余，试骑了减震确实很好，颠簸的路段也可以骑行。,2019-09-25 18:44:29,2899.00,"['型号:ZUBOARD', '品牌:ZUKBOARD', '颜色分类:特价随机色6.4AH【出口高品质保证】续航10-15km速度25km/h经典色7.8AH【出口高品质保证】续航20-25km速度25km/h粉色7.8AH【出口高品质保证】续航20-25km速度25km/h蓝色7.8AH【出口高品质保证】续航20-25km速度25km/h黑色7.8AH【出口高品质保证】续航20-25km速度25km/h经典色10.5AH【出口高品质保证】续航30-40km速度35km/h粉色10.5AH【出口高品质保证】续航30-40km速度35km/h蓝色10.5AH【出口高品质保证】续航30-40km速度35km/h黑色10.5AH【出口高品质保证】续航30-40km速度35km/h', '电压:36V', '是否可折叠:可折叠', '款式:两轮', '适用人群:通用', '最高时速:18km/h以上', '续航里程:25km(含)-35km(不含)']",电动滑板车成年折叠轻便小型锂电池代驾两轮代步车上班迷你电瓶车,zukboard旗舰店,zukboard
2019-10-22,电压:36V;颜色分类:经典色7.8AH【出口高品质保证】续航20-25km速度25km/h,5,天猫,对比多家后，还是选了这款滑板车，外观就已经很吸引我了，再加上客服热情的接待，下定决定心就它了  收到货后果然很满意,2019-09-23 15:59:15,2899.00,"['型号:ZUBOARD', '品牌:ZUKBOARD', '颜色分类:特价随机色6.4AH【出口高品质保证】续航10-15km速度25km/h经典色7.8AH【出口高品质保证】续航20-25km速度25km/h粉色7.8AH【出口高品质保证】续航20-25km速度25km/h蓝色7.8AH【出口高品质保证】续航20-25km速度25km/h黑色7.8AH【出口高品质保证】续航20-25km速度25km/h经典色10.5AH【出口高品质保证】续航30-40km速度35km/h粉色10.5AH【出口高品质保证】续航30-40km速度35km/h蓝色10.5AH【出口高品质保证】续航30-40km速度35km/h黑色10.5AH【出口高品质保证】续航30-40km速度35km/h', '电压:36V', '是否可折叠:可折叠', '款式:两轮', '适用人群:通用', '最高时速:18km/h以上', '续航里程:25km(含)-35km(不含)']",电动滑板车成年折叠轻便小型锂电池代驾两轮代步车上班迷你电瓶车,zukboard旗舰店,zukboard
2019-10-22,电压:36V;颜色分类:黑色10.5AH【出口高品质保证】续航30-40km速度35km/h,5,天猫,用了一段时间，超级满意，黑色非常酷，颜值高，减震效果很好，刹车灵敏，现在晚上出门散步都要带着溜几圈，客服也非常有耐心，好评，看中的快入手，肯定喜欢😃😃,2019-09-06 10:56:06,2899.00,"['型号:ZUBOARD', '品牌:ZUKBOARD', '颜色分类:特价随机色6.4AH【出口高品质保证】续航10-15km速度25km/h经典色7.8AH【出口高品质保证】续航20-25km速度25km/h粉色7.8AH【出口高品质保证】续航20-25km速度25km/h蓝色7.8AH【出口高品质保证】续航20-25km速度25km/h黑色7.8AH【出口高品质保证】续航20-25km速度25km/h经典色10.5AH【出口高品质保证】续航30-40km速度35km/h粉色10.5AH【出口高品质保证】续航30-40km速度35km/h蓝色10.5AH【出口高品质保证】续航30-40km速度35km/h黑色10.5AH【出口高品质保证】续航30-40km速度35km/h', '电压:36V', '是否可折叠:可折叠', '款式:两轮', '适用人群:通用', '最高时速:18km/h以上', '续航里程:25km(含)-35km(不含)']",电动滑板车成年折叠轻便小型锂电池代驾两轮代步车上班迷你电瓶车,zukboard旗舰店,zukboard
2019-10-22,电压:36V;颜色分类:经典色10.5AH【出口高品质保证】续航30-40km速度35km/h,5,天猫,骑出门，进电梯，去哪都是挺方便的，没收到货的时候既期待又担心，现在圆满了，很喜欢，送的小礼物还没装上，比期待中的更好些，喜欢的别犹豫哦，之后打算再给弟弟入一辆黑色的,2019-09-04 11:19:02,2899.00,"['型号:ZUBOARD', '品牌:ZUKBOARD', '颜色分类:特价随机色6.4AH【出口高品质保证】续航10-15km速度25km/h经典色7.8AH【出口高品质保证】续航20-25km速度25km/h粉色7.8AH【出口高品质保证】续航20-25km速度25km/h蓝色7.8AH【出口高品质保证】续航20-25km速度25km/h黑色7.8AH【出口高品质保证】续航20-25km速度25km/h经典色10.5AH【出口高品质保证】续航30-40km速度35km/h粉色10.5AH【出口高品质保证】续航30-40km速度35km/h蓝色10.5AH【出口高品质保证】续航30-40km速度35km/h黑色10.5AH【出口高品质保证】续航30-40km速度35km/h', '电压:36V', '是否可折叠:可折叠', '款式:两轮', '适用人群:通用', '最高时速:18km/h以上', '续航里程:25km(含)-35km(不含)']",电动滑板车成年折叠轻便小型锂电池代驾两轮代步车上班迷你电瓶车,zukboard旗舰店,zukboard
2019-10-22,电压:36V;颜色分类:蓝色7.8AH【出口高品质保证】续航20-25km速度25km/h,5,天猫,很早就想买滑板车，关注了很久，收到货很满意，三挡很快，刹车很灵，充电很快，完美,2019-09-28 19:41:35,2899.00,"['型号:ZUBOARD', '品牌:ZUKBOARD', '颜色分类:特价随机色6.4AH【出口高品质保证】续航10-15km速度25km/h经典色7.8AH【出口高品质保证】续航20-25km速度25km/h粉色7.8AH【出口高品质保证】续航20-25km速度25km/h蓝色7.8AH【出口高品质保证】续航20-25km速度25km/h黑色7.8AH【出口高品质保证】续航20-25km速度25km/h经典色10.5AH【出口高品质保证】续航30-40km速度35km/h粉色10.5AH【出口高品质保证】续航30-40km速度35km/h蓝色10.5AH【出口高品质保证】续航30-40km速度35km/h黑色10.5AH【出口高品质保证】续航30-40km速度35km/h', '电压:36V', '是否可折叠:可折叠', '款式:两轮', '适用人群:通用', '最高时速:18km/h以上', '续航里程:25km(含)-35km(不含)']",电动滑板车成年折叠轻便小型锂电池代驾两轮代步车上班迷你电瓶车,zukboard旗舰店,zukboard
2019-10-22,电压:36V;颜色分类:粉色7.8AH【出口高品质保证】续航20-25km速度25km/h,5,天猫,接送孩子很方便的，性价比高，踏板很新潮，骑着灵活，站两个大人都行，客服超热情哦,2019-09-27 07:28:53,2899.00,"['型号:ZUBOARD', '品牌:ZUKBOARD', '颜色分类:特价随机色6.4AH【出口高品质保证】续航10-15km速度25km/h经典色7.8AH【出口高品质保证】续航20-25km速度25km/h粉色7.8AH【出口高品质保证】续航20-25km速度25km/h蓝色7.8AH【出口高品质保证】续航20-25km速度25km/h黑色7.8AH【出口高品质保证】续航20-25km速度25km/h经典色10.5AH【出口高品质保证】续航30-40km速度35km/h粉色10.5AH【出口高品质保证】续航30-40km速度35km/h蓝色10.5AH【出口高品质保证】续航30-40km速度35km/h黑色10.5AH【出口高品质保证】续航30-40km速度35km/h', '电压:36V', '是否可折叠:可折叠', '款式:两轮', '适用人群:通用', '最高时速:18km/h以上', '续航里程:25km(含)-35km(不含)']",电动滑板车成年折叠轻便小型锂电池代驾两轮代步车上班迷你电瓶车,zukboard旗舰店,zukboard
2019-10-22,电压:36V;颜色分类:黑色10.5AH【出口高品质保证】续航30-40km速度35km/h,5,天猫,车车好高级，骑行真的很简单，客服也很热情，有问必答，超耐心。,2019-09-26 04:12:15,2899.00,"['型号:ZUBOARD', '品牌:ZUKBOARD', '颜色分类:特价随机色6.4AH【出口高品质保证】续航10-15km速度25km/h经典色7.8AH【出口高品质保证】续航20-25km速度25km/h粉色7.8AH【出口高品质保证】续航20-25km速度25km/h蓝色7.8AH【出口高品质保证】续航20-25km速度25km/h黑色7.8AH【出口高品质保证】续航20-25km速度25km/h经典色10.5AH【出口高品质保证】续航30-40km速度35km/h粉色10.5AH【出口高品质保证】续航30-40km速度35km/h蓝色10.5AH【出口高品质保证】续航30-40km速度35km/h黑色10.5AH【出口高品质保证】续航30-40km速度35km/h', '电压:36V', '是否可折叠:可折叠', '款式:两轮', '适用人群:通用', '最高时速:18km/h以上', '续航里程:25km(含)-35km(不含)']",电动滑板车成年折叠轻便小型锂电池代驾两轮代步车上班迷你电瓶车,zukboard旗舰店,zukboard
2019-10-22,电压:36V;颜色分类:粉色10.5AH【出口高品质保证】续航30-40km速度35km/h,5,天猫,粉色真的有点好看的，一眼就看中了，实物没什么色差，五星好评，还送了几样小礼品，装起来也很方便，能选到自己中意的宝贝开心~@亿莱电子！速客智能！,2019-09-06 12:53:37,2899.00,"['型号:ZUBOARD', '品牌:ZUKBOARD', '颜色分类:特价随机色6.4AH【出口高品质保证】续航10-15km速度25km/h经典色7.8AH【出口高品质保证】续航20-25km速度25km/h粉色7.8AH【出口高品质保证】续航20-25km速度25km/h蓝色7.8AH【出口高品质保证】续航20-25km速度25km/h黑色7.8AH【出口高品质保证】续航20-25km速度25km/h经典色10.5AH【出口高品质保证】续航30-40km速度35km/h粉色10.5AH【出口高品质保证】续航30-40km速度35km/h蓝色10.5AH【出口高品质保证】续航30-40km速度35km/h黑色10.5AH【出口高品质保证】续航30-40km速度35km/h', '电压:36V', '是否可折叠:可折叠', '款式:两轮', '适用人群:通用', '最高时速:18km/h以上', '续航里程:25km(含)-35km(不含)']",电动滑板车成年折叠轻便小型锂电池代驾两轮代步车上班迷你电瓶车,zukboard旗舰店,zukboard
2019-10-22,电压:36V;颜色分类:蓝色7.8AH【出口高品质保证】续航20-25km速度25km/h,5,天猫,真的不错 前几天买来太忙了一直没弄 今天打开用了结束后直接带入办公室，方便。 质量做工很好，性能很好，跟买的一两千的还是有区别的值得拥有,2019-09-20 11:38:27,2899.00,"['型号:ZUBOARD', '品牌:ZUKBOARD', '颜色分类:特价随机色6.4AH【出口高品质保证】续航10-15km速度25km/h经典色7.8AH【出口高品质保证】续航20-25km速度25km/h粉色7.8AH【出口高品质保证】续航20-25km速度25km/h蓝色7.8AH【出口高品质保证】续航20-25km速度25km/h黑色7.8AH【出口高品质保证】续航20-25km速度25km/h经典色10.5AH【出口高品质保证】续航30-40km速度35km/h粉色10.5AH【出口高品质保证】续航30-40km速度35km/h蓝色10.5AH【出口高品质保证】续航30-40km速度35km/h黑色10.5AH【出口高品质保证】续航30-40km速度35km/h', '电压:36V', '是否可折叠:可折叠', '款式:两轮', '适用人群:通用', '最高时速:18km/h以上', '续航里程:25km(含)-35km(不含)']",电动滑板车成年折叠轻便小型锂电池代驾两轮代步车上班迷你电瓶车,zukboard旗舰店,zukboard
2019-10-22,电压:36V;颜色分类:蓝色10.5AH【出口高品质保证】续航30-40km速度35km/h,5,天猫,代步的小车太满意了，体型小巧，和描述相符。做工和质量真的很棒了，特别适合我这种上班党,2019-09-10 14:43:51,2899.00,"['型号:ZUBOARD', '品牌:ZUKBOARD', '颜色分类:特价随机色6.4AH【出口高品质保证】续航10-15km速度25km/h经典色7.8AH【出口高品质保证】续航20-25km速度25km/h粉色7.8AH【出口高品质保证】续航20-25km速度25km/h蓝色7.8AH【出口高品质保证】续航20-25km速度25km/h黑色7.8AH【出口高品质保证】续航20-25km速度25km/h经典色10.5AH【出口高品质保证】续航30-40km速度35km/h粉色10.5AH【出口高品质保证】续航30-40km速度35km/h蓝色10.5AH【出口高品质保证】续航30-40km速度35km/h黑色10.5AH【出口高品质保证】续航30-40km速度35km/h', '电压:36V', '是否可折叠:可折叠', '款式:两轮', '适用人群:通用', '最高时速:18km/h以上', '续航里程:25km(含)-35km(不含)']",电动滑板车成年折叠轻便小型锂电池代驾两轮代步车上班迷你电瓶车,zukboard旗舰店,zukboard
2019-10-22,电压:36V;颜色分类:经典色7.8AH【出口高品质保证】续航20-25km速度25km/h,5,天猫,收到货装好就迫不及待的出门了，很容易上手，现在已掌握了骑行的诀窍，骑着很稳，送的小礼品也很实用。滑板车还可以U**充电，很赞,2019-09-06 13:16:50,2899.00,"['型号:ZUBOARD', '品牌:ZUKBOARD', '颜色分类:特价随机色6.4AH【出口高品质保证】续航10-15km速度25km/h经典色7.8AH【出口高品质保证】续航20-25km速度25km/h粉色7.8AH【出口高品质保证】续航20-25km速度25km/h蓝色7.8AH【出口高品质保证】续航20-25km速度25km/h黑色7.8AH【出口高品质保证】续航20-25km速度25km/h经典色10.5AH【出口高品质保证】续航30-40km速度35km/h粉色10.5AH【出口高品质保证】续航30-40km速度35km/h蓝色10.5AH【出口高品质保证】续航30-40km速度35km/h黑色10.5AH【出口高品质保证】续航30-40km速度35km/h', '电压:36V', '是否可折叠:可折叠', '款式:两轮', '适用人群:通用', '最高时速:18km/h以上', '续航里程:25km(含)-35km(不含)']",电动滑板车成年折叠轻便小型锂电池代驾两轮代步车上班迷你电瓶车,zukboard旗舰店,zukboard
2019-10-22,电压:36V;颜色分类:黑色10.5AH【出口高品质保证】续航30-40km速度35km/h,5,天猫,骑了几天感觉很不错，比想象中的好多了，主要是很方便，黑色很酷，等待也是值得的，客服也很耐心，属于有问必回那种，比心哦,2019-09-03 18:38:16,2899.00,"['型号:ZUBOARD', '品牌:ZUKBOARD', '颜色分类:特价随机色6.4AH【出口高品质保证】续航10-15km速度25km/h经典色7.8AH【出口高品质保证】续航20-25km速度25km/h粉色7.8AH【出口高品质保证】续航20-25km速度25km/h蓝色7.8AH【出口高品质保证】续航20-25km速度25km/h黑色7.8AH【出口高品质保证】续航20-25km速度25km/h经典色10.5AH【出口高品质保证】续航30-40km速度35km/h粉色10.5AH【出口高品质保证】续航30-40km速度35km/h蓝色10.5AH【出口高品质保证】续航30-40km速度35km/h黑色10.5AH【出口高品质保证】续航30-40km速度35km/h', '电压:36V', '是否可折叠:可折叠', '款式:两轮', '适用人群:通用', '最高时速:18km/h以上', '续航里程:25km(含)-35km(不含)']",电动滑板车成年折叠轻便小型锂电池代驾两轮代步车上班迷你电瓶车,zukboard旗舰店,zukboard
2019-10-22,电压:36V;颜色分类:经典色7.8AH【出口高品质保证】续航20-25km速度25km/h,5,天猫,物流很快，直接帮我送进家门，骑了大半个月了，每天骑着滑板车上下班能节省很多堵车的时间，整个车小巧很精致，客服很耐心，非常满意的一次购物,2019-09-26 15:33:41,2899.00,"['型号:ZUBOARD', '品牌:ZUKBOARD', '颜色分类:特价随机色6.4AH【出口高品质保证】续航10-15km速度25km/h经典色7.8AH【出口高品质保证】续航20-25km速度25km/h粉色7.8AH【出口高品质保证】续航20-25km速度25km/h蓝色7.8AH【出口高品质保证】续航20-25km速度25km/h黑色7.8AH【出口高品质保证】续航20-25km速度25km/h经典色10.5AH【出口高品质保证】续航30-40km速度35km/h粉色10.5AH【出口高品质保证】续航30-40km速度35km/h蓝色10.5AH【出口高品质保证】续航30-40km速度35km/h黑色10.5AH【出口高品质保证】续航30-40km速度35km/h', '电压:36V', '是否可折叠:可折叠', '款式:两轮', '适用人群:通用', '最高时速:18km/h以上', '续航里程:25km(含)-35km(不含)']",电动滑板车成年折叠轻便小型锂电池代驾两轮代步车上班迷你电瓶车,zukboard旗舰店,zukboard
2019-10-22,电压:36V;颜色分类:经典色10.5AH【出口高品质保证】续航30-40km速度35km/h,5,天猫,直接送货上门的哦，很容易就装好了，昨天晚上特地出门骑了下，很不错，看了很多款式，还是觉得这款深得我意，总之很满意,2019-09-11 18:47:27,2899.00,"['型号:ZUBOARD', '品牌:ZUKBOARD', '颜色分类:特价随机色6.4AH【出口高品质保证】续航10-15km速度25km/h经典色7.8AH【出口高品质保证】续航20-25km速度25km/h粉色7.8AH【出口高品质保证】续航20-25km速度25km/h蓝色7.8AH【出口高品质保证】续航20-25km速度25km/h黑色7.8AH【出口高品质保证】续航20-25km速度25km/h经典色10.5AH【出口高品质保证】续航30-40km速度35km/h粉色10.5AH【出口高品质保证】续航30-40km速度35km/h蓝色10.5AH【出口高品质保证】续航30-40km速度35km/h黑色10.5AH【出口高品质保证】续航30-40km速度35km/h', '电压:36V', '是否可折叠:可折叠', '款式:两轮', '适用人群:通用', '最高时速:18km/h以上', '续航里程:25km(含)-35km(不含)']",电动滑板车成年折叠轻便小型锂电池代驾两轮代步车上班迷你电瓶车,zukboard旗舰店,zukboard
2019-10-22,电压:36V;颜色分类:粉色7.8AH【出口高品质保证】续航20-25km速度25km/h,5,天猫,带上公交，溜达一圈，做工精致，骑行舒适，颜色漂亮，喜欢喜欢,2019-09-20 12:08:01,2899.00,"['型号:ZUBOARD', '品牌:ZUKBOARD', '颜色分类:特价随机色6.4AH【出口高品质保证】续航10-15km速度25km/h经典色7.8AH【出口高品质保证】续航20-25km速度25km/h粉色7.8AH【出口高品质保证】续航20-25km速度25km/h蓝色7.8AH【出口高品质保证】续航20-25km速度25km/h黑色7.8AH【出口高品质保证】续航20-25km速度25km/h经典色10.5AH【出口高品质保证】续航30-40km速度35km/h粉色10.5AH【出口高品质保证】续航30-40km速度35km/h蓝色10.5AH【出口高品质保证】续航30-40km速度35km/h黑色10.5AH【出口高品质保证】续航30-40km速度35km/h', '电压:36V', '是否可折叠:可折叠', '款式:两轮', '适用人群:通用', '最高时速:18km/h以上', '续航里程:25km(含)-35km(不含)']",电动滑板车成年折叠轻便小型锂电池代驾两轮代步车上班迷你电瓶车,zukboard旗舰店,zukboard
2019-10-22,电压:36V;颜色分类:经典色10.5AH【出口高品质保证】续航30-40km速度35km/h,5,天猫,这个可以折叠的车很方便，不占地方，可以走哪带到哪，做工很好，发货也快，期待后续的使用,2019-09-18 18:01:10,2899.00,"['型号:ZUBOARD', '品牌:ZUKBOARD', '颜色分类:特价随机色6.4AH【出口高品质保证】续航10-15km速度25km/h经典色7.8AH【出口高品质保证】续航20-25km速度25km/h粉色7.8AH【出口高品质保证】续航20-25km速度25km/h蓝色7.8AH【出口高品质保证】续航20-25km速度25km/h黑色7.8AH【出口高品质保证】续航20-25km速度25km/h经典色10.5AH【出口高品质保证】续航30-40km速度35km/h粉色10.5AH【出口高品质保证】续航30-40km速度35km/h蓝色10.5AH【出口高品质保证】续航30-40km速度35km/h黑色10.5AH【出口高品质保证】续航30-40km速度35km/h', '电压:36V', '是否可折叠:可折叠', '款式:两轮', '适用人群:通用', '最高时速:18km/h以上', '续航里程:25km(含)-35km(不含)']",电动滑板车成年折叠轻便小型锂电池代驾两轮代步车上班迷你电瓶车,zukboard旗舰店,zukboard
2019-10-22,电压:36V;颜色分类:蓝色7.8AH【出口高品质保证】续航20-25km速度25km/h,5,天猫,朋友推荐购买的，物流迅速，踏板很结实，车子小巧灵活动力很足，上斜坡也OK，操作也简单，非常实用,2019-09-17 08:32:23,2899.00,"['型号:ZUBOARD', '品牌:ZUKBOARD', '颜色分类:特价随机色6.4AH【出口高品质保证】续航10-15km速度25km/h经典色7.8AH【出口高品质保证】续航20-25km速度25km/h粉色7.8AH【出口高品质保证】续航20-25km速度25km/h蓝色7.8AH【出口高品质保证】续航20-25km速度25km/h黑色7.8AH【出口高品质保证】续航20-25km速度25km/h经典色10.5AH【出口高品质保证】续航30-40km速度35km/h粉色10.5AH【出口高品质保证】续航30-40km速度35km/h蓝色10.5AH【出口高品质保证】续航30-40km速度35km/h黑色10.5AH【出口高品质保证】续航30-40km速度35km/h', '电压:36V', '是否可折叠:可折叠', '款式:两轮', '适用人群:通用', '最高时速:18km/h以上', '续航里程:25km(含)-35km(不含)']",电动滑板车成年折叠轻便小型锂电池代驾两轮代步车上班迷你电瓶车,zukboard旗舰店,zukboard
2019-10-22,电压:36V;颜色分类:经典色10.5AH【出口高品质保证】续航30-40km速度35km/h,5,天猫,已经骑了几十公里了，确实减震很不错，电池也很给力。骑行很方便，手指轻轻按压油门就可以出发了，颜色真的很独特，让人眼前一亮的那种感觉！,2019-09-10 14:38:45,2899.00,"['型号:ZUBOARD', '品牌:ZUKBOARD', '颜色分类:特价随机色6.4AH【出口高品质保证】续航10-15km速度25km/h经典色7.8AH【出口高品质保证】续航20-25km速度25km/h粉色7.8AH【出口高品质保证】续航20-25km速度25km/h蓝色7.8AH【出口高品质保证】续航20-25km速度25km/h黑色7.8AH【出口高品质保证】续航20-25km速度25km/h经典色10.5AH【出口高品质保证】续航30-40km速度35km/h粉色10.5AH【出口高品质保证】续航30-40km速度35km/h蓝色10.5AH【出口高品质保证】续航30-40km速度35km/h黑色10.5AH【出口高品质保证】续航30-40km速度35km/h', '电压:36V', '是否可折叠:可折叠', '款式:两轮', '适用人群:通用', '最高时速:18km/h以上', '续航里程:25km(含)-35km(不含)']",电动滑板车成年折叠轻便小型锂电池代驾两轮代步车上班迷你电瓶车,zukboard旗舰店,zukboard
2019-10-22,电压:36V;颜色分类:经典色10.5AH【出口高品质保证】续航30-40km速度35km/h,5,天猫,宝贝已经收到了，很喜欢，小巧便捷，速度也正好，又拍了一辆给家里人用,2019-09-11 21:40:35,2899.00,"['型号:ZUBOARD', '品牌:ZUKBOARD', '颜色分类:特价随机色6.4AH【出口高品质保证】续航10-15km速度25km/h经典色7.8AH【出口高品质保证】续航20-25km速度25km/h粉色7.8AH【出口高品质保证】续航20-25km速度25km/h蓝色7.8AH【出口高品质保证】续航20-25km速度25km/h黑色7.8AH【出口高品质保证】续航20-25km速度25km/h经典色10.5AH【出口高品质保证】续航30-40km速度35km/h粉色10.5AH【出口高品质保证】续航30-40km速度35km/h蓝色10.5AH【出口高品质保证】续航30-40km速度35km/h黑色10.5AH【出口高品质保证】续航30-40km速度35km/h', '电压:36V', '是否可折叠:可折叠', '款式:两轮', '适用人群:通用', '最高时速:18km/h以上', '续航里程:25km(含)-35km(不含)']",电动滑板车成年折叠轻便小型锂电池代驾两轮代步车上班迷你电瓶车,zukboard旗舰店,zukboard
2019-10-22,电压:36V;颜色分类:经典色7.8AH【出口高品质保证】续航20-25km速度25km/h,5,天猫,宝贝收到了  包装完好无损，这两天使用了总结了下，刹车灵敏，加速快，续航和其他的都跟宝贝介绍的一样，好评！实物很上档次，折叠后很省空间，值得入手。,2019-09-09 11:53:32,2899.00,"['型号:ZUBOARD', '品牌:ZUKBOARD', '颜色分类:特价随机色6.4AH【出口高品质保证】续航10-15km速度25km/h经典色7.8AH【出口高品质保证】续航20-25km速度25km/h粉色7.8AH【出口高品质保证】续航20-25km速度25km/h蓝色7.8AH【出口高品质保证】续航20-25km速度25km/h黑色7.8AH【出口高品质保证】续航20-25km速度25km/h经典色10.5AH【出口高品质保证】续航30-40km速度35km/h粉色10.5AH【出口高品质保证】续航30-40km速度35km/h蓝色10.5AH【出口高品质保证】续航30-40km速度35km/h黑色10.5AH【出口高品质保证】续航30-40km速度35km/h', '电压:36V', '是否可折叠:可折叠', '款式:两轮', '适用人群:通用', '最高时速:18km/h以上', '续航里程:25km(含)-35km(不含)']",电动滑板车成年折叠轻便小型锂电池代驾两轮代步车上班迷你电瓶车,zukboard旗舰店,zukboard
2019-10-22,电压:36V;颜色分类:蓝色10.5AH【出口高品质保证】续航30-40km速度35km/h,5,天猫,还不错， 特别是踏板很结实， 车子很小巧，安装简单便捷对于我这种新手也很容易就装好了，骑上滑板车，堵车什么的直接轻轻松松松，作为代步工具，这款滑板车做得很nice,2019-09-09 16:49:14,2899.00,"['型号:ZUBOARD', '品牌:ZUKBOARD', '颜色分类:特价随机色6.4AH【出口高品质保证】续航10-15km速度25km/h经典色7.8AH【出口高品质保证】续航20-25km速度25km/h粉色7.8AH【出口高品质保证】续航20-25km速度25km/h蓝色7.8AH【出口高品质保证】续航20-25km速度25km/h黑色7.8AH【出口高品质保证】续航20-25km速度25km/h经典色10.5AH【出口高品质保证】续航30-40km速度35km/h粉色10.5AH【出口高品质保证】续航30-40km速度35km/h蓝色10.5AH【出口高品质保证】续航30-40km速度35km/h黑色10.5AH【出口高品质保证】续航30-40km速度35km/h', '电压:36V', '是否可折叠:可折叠', '款式:两轮', '适用人群:通用', '最高时速:18km/h以上', '续航里程:25km(含)-35km(不含)']",电动滑板车成年折叠轻便小型锂电池代驾两轮代步车上班迷你电瓶车,zukboard旗舰店,zukboard
2019-10-22,电压:36V;颜色分类:经典色10.5AH【出口高品质保证】续航30-40km速度35km/h,5,天猫,体重160斤再带上小孩子站上去妥妥的，承重很不错，骑着也很稳，客服非常有耐心，满意,2019-09-19 22:16:21,2899.00,"['型号:ZUBOARD', '品牌:ZUKBOARD', '颜色分类:特价随机色6.4AH【出口高品质保证】续航10-15km速度25km/h经典色7.8AH【出口高品质保证】续航20-25km速度25km/h粉色7.8AH【出口高品质保证】续航20-25km速度25km/h蓝色7.8AH【出口高品质保证】续航20-25km速度25km/h黑色7.8AH【出口高品质保证】续航20-25km速度25km/h经典色10.5AH【出口高品质保证】续航30-40km速度35km/h粉色10.5AH【出口高品质保证】续航30-40km速度35km/h蓝色10.5AH【出口高品质保证】续航30-40km速度35km/h黑色10.5AH【出口高品质保证】续航30-40km速度35km/h', '电压:36V', '是否可折叠:可折叠', '款式:两轮', '适用人群:通用', '最高时速:18km/h以上', '续航里程:25km(含)-35km(不含)']",电动滑板车成年折叠轻便小型锂电池代驾两轮代步车上班迷你电瓶车,zukboard旗舰店,zukboard
2019-10-22,电压:36V;颜色分类:经典色10.5AH【出口高品质保证】续航30-40km速度35km/h,5,天猫,滑板车重量刚刚好，新手刚上路的我开二档就感觉很快了，动力确实足！再也不用担心上下班挤公交了，好评,2019-09-20 20:36:42,2899.00,"['型号:ZUBOARD', '品牌:ZUKBOARD', '颜色分类:特价随机色6.4AH【出口高品质保证】续航10-15km速度25km/h经典色7.8AH【出口高品质保证】续航20-25km速度25km/h粉色7.8AH【出口高品质保证】续航20-25km速度25km/h蓝色7.8AH【出口高品质保证】续航20-25km速度25km/h黑色7.8AH【出口高品质保证】续航20-25km速度25km/h经典色10.5AH【出口高品质保证】续航30-40km速度35km/h粉色10.5AH【出口高品质保证】续航30-40km速度35km/h蓝色10.5AH【出口高品质保证】续航30-40km速度35km/h黑色10.5AH【出口高品质保证】续航30-40km速度35km/h', '电压:36V', '是否可折叠:可折叠', '款式:两轮', '适用人群:通用', '最高时速:18km/h以上', '续航里程:25km(含)-35km(不含)']",电动滑板车成年折叠轻便小型锂电池代驾两轮代步车上班迷你电瓶车,zukboard旗舰店,zukboard
2019-10-22,电压:36V;颜色分类:经典色10.5AH【出口高品质保证】续航30-40km速度35km/h,5,天猫,物流很快，包装完整，还送货到家，客服也很耐心，帮我解决了很多问题，这个颜色很洋气，经典,2019-09-06 15:32:57,2899.00,"['型号:ZUBOARD', '品牌:ZUKBOARD', '颜色分类:特价随机色6.4AH【出口高品质保证】续航10-15km速度25km/h经典色7.8AH【出口高品质保证】续航20-25km速度25km/h粉色7.8AH【出口高品质保证】续航20-25km速度25km/h蓝色7.8AH【出口高品质保证】续航20-25km速度25km/h黑色7.8AH【出口高品质保证】续航20-25km速度25km/h经典色10.5AH【出口高品质保证】续航30-40km速度35km/h粉色10.5AH【出口高品质保证】续航30-40km速度35km/h蓝色10.5AH【出口高品质保证】续航30-40km速度35km/h黑色10.5AH【出口高品质保证】续航30-40km速度35km/h', '电压:36V', '是否可折叠:可折叠', '款式:两轮', '适用人群:通用', '最高时速:18km/h以上', '续航里程:25km(含)-35km(不含)']",电动滑板车成年折叠轻便小型锂电池代驾两轮代步车上班迷你电瓶车,zukboard旗舰店,zukboard
2019-10-22,电压:36V;颜色分类:黑色10.5AH【出口高品质保证】续航30-40km速度35km/h,5,天猫,很潮流的电动滑板车，收到在小区试骑了几圈，还不错，开始本来想买个一千左右的，后来经过多方面对比也出于长期使用还是选择了这款，等再骑一段时间来追评,2019-09-07 19:41:22,2899.00,"['型号:ZUBOARD', '品牌:ZUKBOARD', '颜色分类:特价随机色6.4AH【出口高品质保证】续航10-15km速度25km/h经典色7.8AH【出口高品质保证】续航20-25km速度25km/h粉色7.8AH【出口高品质保证】续航20-25km速度25km/h蓝色7.8AH【出口高品质保证】续航20-25km速度25km/h黑色7.8AH【出口高品质保证】续航20-25km速度25km/h经典色10.5AH【出口高品质保证】续航30-40km速度35km/h粉色10.5AH【出口高品质保证】续航30-40km速度35km/h蓝色10.5AH【出口高品质保证】续航30-40km速度35km/h黑色10.5AH【出口高品质保证】续航30-40km速度35km/h', '电压:36V', '是否可折叠:可折叠', '款式:两轮', '适用人群:通用', '最高时速:18km/h以上', '续航里程:25km(含)-35km(不含)']",电动滑板车成年折叠轻便小型锂电池代驾两轮代步车上班迷你电瓶车,zukboard旗舰店,zukboard
2019-10-22,电压:36V;颜色分类:经典色10.5AH【出口高品质保证】续航30-40km速度35km/h,5,天猫,买回来打算平时上下班用，周末送孩子上补习班，两个人上站上去也是没问题的，骑在街上好高的回头率啊，很棒噢~,2019-09-11 19:48:57,2899.00,"['型号:ZUBOARD', '品牌:ZUKBOARD', '颜色分类:特价随机色6.4AH【出口高品质保证】续航10-15km速度25km/h经典色7.8AH【出口高品质保证】续航20-25km速度25km/h粉色7.8AH【出口高品质保证】续航20-25km速度25km/h蓝色7.8AH【出口高品质保证】续航20-25km速度25km/h黑色7.8AH【出口高品质保证】续航20-25km速度25km/h经典色10.5AH【出口高品质保证】续航30-40km速度35km/h粉色10.5AH【出口高品质保证】续航30-40km速度35km/h蓝色10.5AH【出口高品质保证】续航30-40km速度35km/h黑色10.5AH【出口高品质保证】续航30-40km速度35km/h', '电压:36V', '是否可折叠:可折叠', '款式:两轮', '适用人群:通用', '最高时速:18km/h以上', '续航里程:25km(含)-35km(不含)']",电动滑板车成年折叠轻便小型锂电池代驾两轮代步车上班迷你电瓶车,zukboard旗舰店,zukboard
2019-10-22,电压:36V;颜色分类:经典色10.5AH【出口高品质保证】续航30-40km速度35km/h,5,天猫,车子折叠处很稳，不会晃动，减震加分，做工加分，骑起来很顺畅。,2019-09-16 21:08:32,2899.00,"['型号:ZUBOARD', '品牌:ZUKBOARD', '颜色分类:特价随机色6.4AH【出口高品质保证】续航10-15km速度25km/h经典色7.8AH【出口高品质保证】续航20-25km速度25km/h粉色7.8AH【出口高品质保证】续航20-25km速度25km/h蓝色7.8AH【出口高品质保证】续航20-25km速度25km/h黑色7.8AH【出口高品质保证】续航20-25km速度25km/h经典色10.5AH【出口高品质保证】续航30-40km速度35km/h粉色10.5AH【出口高品质保证】续航30-40km速度35km/h蓝色10.5AH【出口高品质保证】续航30-40km速度35km/h黑色10.5AH【出口高品质保证】续航30-40km速度35km/h', '电压:36V', '是否可折叠:可折叠', '款式:两轮', '适用人群:通用', '最高时速:18km/h以上', '续航里程:25km(含)-35km(不含)']",电动滑板车成年折叠轻便小型锂电池代驾两轮代步车上班迷你电瓶车,zukboard旗舰店,zukboard
2019-10-22,电压:36V;颜色分类:粉色10.5AH【出口高品质保证】续航30-40km速度35km/h,5,天猫,发货快速  收到货安装好就骑出去嘚瑟了 过减速带稳稳的 非常符合我的要求 我很满意 赞赞赞,2019-09-20 15:51:53,2899.00,"['型号:ZUBOARD', '品牌:ZUKBOARD', '颜色分类:特价随机色6.4AH【出口高品质保证】续航10-15km速度25km/h经典色7.8AH【出口高品质保证】续航20-25km速度25km/h粉色7.8AH【出口高品质保证】续航20-25km速度25km/h蓝色7.8AH【出口高品质保证】续航20-25km速度25km/h黑色7.8AH【出口高品质保证】续航20-25km速度25km/h经典色10.5AH【出口高品质保证】续航30-40km速度35km/h粉色10.5AH【出口高品质保证】续航30-40km速度35km/h蓝色10.5AH【出口高品质保证】续航30-40km速度35km/h黑色10.5AH【出口高品质保证】续航30-40km速度35km/h', '电压:36V', '是否可折叠:可折叠', '款式:两轮', '适用人群:通用', '最高时速:18km/h以上', '续航里程:25km(含)-35km(不含)']",电动滑板车成年折叠轻便小型锂电池代驾两轮代步车上班迷你电瓶车,zukboard旗舰店,zukboard
2019-10-22,电压:36V;颜色分类:粉色7.8AH【出口高品质保证】续航20-25km速度25km/h,5,天猫,宝贝看起来很高级啊，每天坐公交车，家离站台之间有一段距离，中间这段路程有个可以代步的车很方便，上车之前折叠好就可以了，客服超热情，物流也很快,2019-09-15 17:30:06,2899.00,"['型号:ZUBOARD', '品牌:ZUKBOARD', '颜色分类:特价随机色6.4AH【出口高品质保证】续航10-15km速度25km/h经典色7.8AH【出口高品质保证】续航20-25km速度25km/h粉色7.8AH【出口高品质保证】续航20-25km速度25km/h蓝色7.8AH【出口高品质保证】续航20-25km速度25km/h黑色7.8AH【出口高品质保证】续航20-25km速度25km/h经典色10.5AH【出口高品质保证】续航30-40km速度35km/h粉色10.5AH【出口高品质保证】续航30-40km速度35km/h蓝色10.5AH【出口高品质保证】续航30-40km速度35km/h黑色10.5AH【出口高品质保证】续航30-40km速度35km/h', '电压:36V', '是否可折叠:可折叠', '款式:两轮', '适用人群:通用', '最高时速:18km/h以上', '续航里程:25km(含)-35km(不含)']",电动滑板车成年折叠轻便小型锂电池代驾两轮代步车上班迷你电瓶车,zukboard旗舰店,zukboard
2019-10-22,电压:36V;颜色分类:黑色10.5AH【出口高品质保证】续航30-40km速度35km/h,5,天猫,从此以后，我的后备箱多了一样心爱的滑板车。周末出行，带上孩子，带上滑板车，想去哪就去哪。,2019-09-10 20:51:00,2899.00,"['型号:ZUBOARD', '品牌:ZUKBOARD', '颜色分类:特价随机色6.4AH【出口高品质保证】续航10-15km速度25km/h经典色7.8AH【出口高品质保证】续航20-25km速度25km/h粉色7.8AH【出口高品质保证】续航20-25km速度25km/h蓝色7.8AH【出口高品质保证】续航20-25km速度25km/h黑色7.8AH【出口高品质保证】续航20-25km速度25km/h经典色10.5AH【出口高品质保证】续航30-40km速度35km/h粉色10.5AH【出口高品质保证】续航30-40km速度35km/h蓝色10.5AH【出口高品质保证】续航30-40km速度35km/h黑色10.5AH【出口高品质保证】续航30-40km速度35km/h', '电压:36V', '是否可折叠:可折叠', '款式:两轮', '适用人群:通用', '最高时速:18km/h以上', '续航里程:25km(含)-35km(不含)']",电动滑板车成年折叠轻便小型锂电池代驾两轮代步车上班迷你电瓶车,zukboard旗舰店,zukboard
2019-10-22,电压:36V;颜色分类:经典色10.5AH【出口高品质保证】续航30-40km速度35km/h,5,天猫,宝贝充电很快，续航也很不错，骑行也挺稳的，出门骑着它很拉风，骑着很带劲儿，整个车我很满意，短途出行就它了,2019-09-09 17:59:59,2899.00,"['型号:ZUBOARD', '品牌:ZUKBOARD', '颜色分类:特价随机色6.4AH【出口高品质保证】续航10-15km速度25km/h经典色7.8AH【出口高品质保证】续航20-25km速度25km/h粉色7.8AH【出口高品质保证】续航20-25km速度25km/h蓝色7.8AH【出口高品质保证】续航20-25km速度25km/h黑色7.8AH【出口高品质保证】续航20-25km速度25km/h经典色10.5AH【出口高品质保证】续航30-40km速度35km/h粉色10.5AH【出口高品质保证】续航30-40km速度35km/h蓝色10.5AH【出口高品质保证】续航30-40km速度35km/h黑色10.5AH【出口高品质保证】续航30-40km速度35km/h', '电压:36V', '是否可折叠:可折叠', '款式:两轮', '适用人群:通用', '最高时速:18km/h以上', '续航里程:25km(含)-35km(不含)']",电动滑板车成年折叠轻便小型锂电池代驾两轮代步车上班迷你电瓶车,zukboard旗舰店,zukboard
2019-10-22,电压:36V;颜色分类:黑色10.5AH【出口高品质保证】续航30-40km速度35km/h,5,天猫,不用担心停车位，可以直接提上楼，电池很耐用，大灯很亮晚上骑也可以,2019-09-18 15:59:13,2899.00,"['型号:ZUBOARD', '品牌:ZUKBOARD', '颜色分类:特价随机色6.4AH【出口高品质保证】续航10-15km速度25km/h经典色7.8AH【出口高品质保证】续航20-25km速度25km/h粉色7.8AH【出口高品质保证】续航20-25km速度25km/h蓝色7.8AH【出口高品质保证】续航20-25km速度25km/h黑色7.8AH【出口高品质保证】续航20-25km速度25km/h经典色10.5AH【出口高品质保证】续航30-40km速度35km/h粉色10.5AH【出口高品质保证】续航30-40km速度35km/h蓝色10.5AH【出口高品质保证】续航30-40km速度35km/h黑色10.5AH【出口高品质保证】续航30-40km速度35km/h', '电压:36V', '是否可折叠:可折叠', '款式:两轮', '适用人群:通用', '最高时速:18km/h以上', '续航里程:25km(含)-35km(不含)']",电动滑板车成年折叠轻便小型锂电池代驾两轮代步车上班迷你电瓶车,zukboard旗舰店,zukboard
2019-10-22,电压:36V;颜色分类:蓝色7.8AH【出口高品质保证】续航20-25km速度25km/h,5,天猫,收到货打开第一眼感觉就很有质感，安装方便，骑上去又快又稳,2019-09-19 14:25:43,2899.00,"['型号:ZUBOARD', '品牌:ZUKBOARD', '颜色分类:特价随机色6.4AH【出口高品质保证】续航10-15km速度25km/h经典色7.8AH【出口高品质保证】续航20-25km速度25km/h粉色7.8AH【出口高品质保证】续航20-25km速度25km/h蓝色7.8AH【出口高品质保证】续航20-25km速度25km/h黑色7.8AH【出口高品质保证】续航20-25km速度25km/h经典色10.5AH【出口高品质保证】续航30-40km速度35km/h粉色10.5AH【出口高品质保证】续航30-40km速度35km/h蓝色10.5AH【出口高品质保证】续航30-40km速度35km/h黑色10.5AH【出口高品质保证】续航30-40km速度35km/h', '电压:36V', '是否可折叠:可折叠', '款式:两轮', '适用人群:通用', '最高时速:18km/h以上', '续航里程:25km(含)-35km(不含)']",电动滑板车成年折叠轻便小型锂电池代驾两轮代步车上班迷你电瓶车,zukboard旗舰店,zukboard
2019-10-22,电压:36V;颜色分类:蓝色10.5AH【出口高品质保证】续航30-40km速度35km/h,5,天猫,很拉风的小车，日常代步方便又实用，能调档还能给手机充电，值得推荐，。,2019-09-19 17:58:25,2899.00,"['型号:ZUBOARD', '品牌:ZUKBOARD', '颜色分类:特价随机色6.4AH【出口高品质保证】续航10-15km速度25km/h经典色7.8AH【出口高品质保证】续航20-25km速度25km/h粉色7.8AH【出口高品质保证】续航20-25km速度25km/h蓝色7.8AH【出口高品质保证】续航20-25km速度25km/h黑色7.8AH【出口高品质保证】续航20-25km速度25km/h经典色10.5AH【出口高品质保证】续航30-40km速度35km/h粉色10.5AH【出口高品质保证】续航30-40km速度35km/h蓝色10.5AH【出口高品质保证】续航30-40km速度35km/h黑色10.5AH【出口高品质保证】续航30-40km速度35km/h', '电压:36V', '是否可折叠:可折叠', '款式:两轮', '适用人群:通用', '最高时速:18km/h以上', '续航里程:25km(含)-35km(不含)']",电动滑板车成年折叠轻便小型锂电池代驾两轮代步车上班迷你电瓶车,zukboard旗舰店,zukboard
2019-10-22,电压:36V;颜色分类:粉色10.5AH【出口高品质保证】续航30-40km速度35km/h,5,天猫,车子很好骑，以后再也不会堵车迟到了。值得推荐，服务也是棒棒哒,2019-09-12 14:51:12,2899.00,"['型号:ZUBOARD', '品牌:ZUKBOARD', '颜色分类:特价随机色6.4AH【出口高品质保证】续航10-15km速度25km/h经典色7.8AH【出口高品质保证】续航20-25km速度25km/h粉色7.8AH【出口高品质保证】续航20-25km速度25km/h蓝色7.8AH【出口高品质保证】续航20-25km速度25km/h黑色7.8AH【出口高品质保证】续航20-25km速度25km/h经典色10.5AH【出口高品质保证】续航30-40km速度35km/h粉色10.5AH【出口高品质保证】续航30-40km速度35km/h蓝色10.5AH【出口高品质保证】续航30-40km速度35km/h黑色10.5AH【出口高品质保证】续航30-40km速度35km/h', '电压:36V', '是否可折叠:可折叠', '款式:两轮', '适用人群:通用', '最高时速:18km/h以上', '续航里程:25km(含)-35km(不含)']",电动滑板车成年折叠轻便小型锂电池代驾两轮代步车上班迷你电瓶车,zukboard旗舰店,zukboard
2019-10-22,电压:36V;颜色分类:经典色10.5AH【出口高品质保证】续航30-40km速度35km/h,5,天猫,确实不错，用起来挺顺手的，推荐购买,2019-09-14 17:50:52,2899.00,"['型号:ZUBOARD', '品牌:ZUKBOARD', '颜色分类:特价随机色6.4AH【出口高品质保证】续航10-15km速度25km/h经典色7.8AH【出口高品质保证】续航20-25km速度25km/h粉色7.8AH【出口高品质保证】续航20-25km速度25km/h蓝色7.8AH【出口高品质保证】续航20-25km速度25km/h黑色7.8AH【出口高品质保证】续航20-25km速度25km/h经典色10.5AH【出口高品质保证】续航30-40km速度35km/h粉色10.5AH【出口高品质保证】续航30-40km速度35km/h蓝色10.5AH【出口高品质保证】续航30-40km速度35km/h黑色10.5AH【出口高品质保证】续航30-40km速度35km/h', '电压:36V', '是否可折叠:可折叠', '款式:两轮', '适用人群:通用', '最高时速:18km/h以上', '续航里程:25km(含)-35km(不含)']",电动滑板车成年折叠轻便小型锂电池代驾两轮代步车上班迷你电瓶车,zukboard旗舰店,zukboard
2019-10-22,电压:36V;颜色分类:蓝色10.5AH【出口高品质保证】续航30-40km速度35km/h,5,天猫,很好的滑板车，电池耐用，回头率高又方便携带。骑着出门去公园玩或者买东西都很方便，主要是不占地方，同事看了都想买。客服态度很好，什么问题都能解决，买的时候就感觉很放心，折叠也很简单方便，一开始不会，咨询客服后马上给我解决了，宝贝非常漂亮，很划算。,2019-08-12 17:39:51,2899.00,"['型号:ZUBOARD', '品牌:ZUKBOARD', '颜色分类:特价随机色6.4AH【出口高品质保证】续航10-15km速度25km/h经典色7.8AH【出口高品质保证】续航20-25km速度25km/h粉色7.8AH【出口高品质保证】续航20-25km速度25km/h蓝色7.8AH【出口高品质保证】续航20-25km速度25km/h黑色7.8AH【出口高品质保证】续航20-25km速度25km/h经典色10.5AH【出口高品质保证】续航30-40km速度35km/h粉色10.5AH【出口高品质保证】续航30-40km速度35km/h蓝色10.5AH【出口高品质保证】续航30-40km速度35km/h黑色10.5AH【出口高品质保证】续航30-40km速度35km/h', '电压:36V', '是否可折叠:可折叠', '款式:两轮', '适用人群:通用', '最高时速:18km/h以上', '续航里程:25km(含)-35km(不含)']",电动滑板车成年折叠轻便小型锂电池代驾两轮代步车上班迷你电瓶车,zukboard旗舰店,zukboard
2019-10-22,电压:36V;颜色分类:蓝色10.5AH【出口高品质保证】续航30-40km速度35km/h,5,天猫,很好用，不一样的感觉！帅,2019-09-11 12:48:05,2899.00,"['型号:ZUBOARD', '品牌:ZUKBOARD', '颜色分类:特价随机色6.4AH【出口高品质保证】续航10-15km速度25km/h经典色7.8AH【出口高品质保证】续航20-25km速度25km/h粉色7.8AH【出口高品质保证】续航20-25km速度25km/h蓝色7.8AH【出口高品质保证】续航20-25km速度25km/h黑色7.8AH【出口高品质保证】续航20-25km速度25km/h经典色10.5AH【出口高品质保证】续航30-40km速度35km/h粉色10.5AH【出口高品质保证】续航30-40km速度35km/h蓝色10.5AH【出口高品质保证】续航30-40km速度35km/h黑色10.5AH【出口高品质保证】续航30-40km速度35km/h', '电压:36V', '是否可折叠:可折叠', '款式:两轮', '适用人群:通用', '最高时速:18km/h以上', '续航里程:25km(含)-35km(不含)']",电动滑板车成年折叠轻便小型锂电池代驾两轮代步车上班迷你电瓶车,zukboard旗舰店,zukboard
2019-10-22,电压:36V;颜色分类:经典色10.5AH【出口高品质保证】续航30-40km速度35km/h,5,天猫,质量很好，上班路上可以用了,2019-09-05 12:53:51,2899.00,"['型号:ZUBOARD', '品牌:ZUKBOARD', '颜色分类:特价随机色6.4AH【出口高品质保证】续航10-15km速度25km/h经典色7.8AH【出口高品质保证】续航20-25km速度25km/h粉色7.8AH【出口高品质保证】续航20-25km速度25km/h蓝色7.8AH【出口高品质保证】续航20-25km速度25km/h黑色7.8AH【出口高品质保证】续航20-25km速度25km/h经典色10.5AH【出口高品质保证】续航30-40km速度35km/h粉色10.5AH【出口高品质保证】续航30-40km速度35km/h蓝色10.5AH【出口高品质保证】续航30-40km速度35km/h黑色10.5AH【出口高品质保证】续航30-40km速度35km/h', '电压:36V', '是否可折叠:可折叠', '款式:两轮', '适用人群:通用', '最高时速:18km/h以上', '续航里程:25km(含)-35km(不含)']",电动滑板车成年折叠轻便小型锂电池代驾两轮代步车上班迷你电瓶车,zukboard旗舰店,zukboard
2019-10-22,电压:36V;颜色分类:蓝色10.5AH【出口高品质保证】续航30-40km速度35km/h,5,天猫,包装很完整，收货的时候纸箱完好，质感很好，颜色一致，没有色差，收到货就骑出去了，买值了，性价比很高，想买的快下手吧~,2019-08-20 16:29:14,2899.00,"['型号:ZUBOARD', '品牌:ZUKBOARD', '颜色分类:特价随机色6.4AH【出口高品质保证】续航10-15km速度25km/h经典色7.8AH【出口高品质保证】续航20-25km速度25km/h粉色7.8AH【出口高品质保证】续航20-25km速度25km/h蓝色7.8AH【出口高品质保证】续航20-25km速度25km/h黑色7.8AH【出口高品质保证】续航20-25km速度25km/h经典色10.5AH【出口高品质保证】续航30-40km速度35km/h粉色10.5AH【出口高品质保证】续航30-40km速度35km/h蓝色10.5AH【出口高品质保证】续航30-40km速度35km/h黑色10.5AH【出口高品质保证】续航30-40km速度35km/h', '电压:36V', '是否可折叠:可折叠', '款式:两轮', '适用人群:通用', '最高时速:18km/h以上', '续航里程:25km(含)-35km(不含)']",电动滑板车成年折叠轻便小型锂电池代驾两轮代步车上班迷你电瓶车,zukboard旗舰店,zukboard
2019-10-22,电压:36V;颜色分类:经典色10.5AH【出口高品质保证】续航30-40km速度35km/h,5,天猫,物流很快，车子很好，折叠方便，客服耐心！,2019-09-12 14:47:42,2899.00,"['型号:ZUBOARD', '品牌:ZUKBOARD', '颜色分类:特价随机色6.4AH【出口高品质保证】续航10-15km速度25km/h经典色7.8AH【出口高品质保证】续航20-25km速度25km/h粉色7.8AH【出口高品质保证】续航20-25km速度25km/h蓝色7.8AH【出口高品质保证】续航20-25km速度25km/h黑色7.8AH【出口高品质保证】续航20-25km速度25km/h经典色10.5AH【出口高品质保证】续航30-40km速度35km/h粉色10.5AH【出口高品质保证】续航30-40km速度35km/h蓝色10.5AH【出口高品质保证】续航30-40km速度35km/h黑色10.5AH【出口高品质保证】续航30-40km速度35km/h', '电压:36V', '是否可折叠:可折叠', '款式:两轮', '适用人群:通用', '最高时速:18km/h以上', '续航里程:25km(含)-35km(不含)']",电动滑板车成年折叠轻便小型锂电池代驾两轮代步车上班迷你电瓶车,zukboard旗舰店,zukboard
2019-10-22,电压:36V;颜色分类:经典色7.8AH【出口高品质保证】续航20-25km速度25km/h,5,天猫,朋友买了一辆，看到第一眼就被惊艳了，赶紧要链接下了单，实物拿到手果然没让我失望，就算把车把使劲摇来摇去，连接处也是很牢固，一点都不晃，减震方面更不用说，看着就很精致，实际路面也很给力，好评!,2019-08-12 23:44:01,2899.00,"['型号:ZUBOARD', '品牌:ZUKBOARD', '颜色分类:特价随机色6.4AH【出口高品质保证】续航10-15km速度25km/h经典色7.8AH【出口高品质保证】续航20-25km速度25km/h粉色7.8AH【出口高品质保证】续航20-25km速度25km/h蓝色7.8AH【出口高品质保证】续航20-25km速度25km/h黑色7.8AH【出口高品质保证】续航20-25km速度25km/h经典色10.5AH【出口高品质保证】续航30-40km速度35km/h粉色10.5AH【出口高品质保证】续航30-40km速度35km/h蓝色10.5AH【出口高品质保证】续航30-40km速度35km/h黑色10.5AH【出口高品质保证】续航30-40km速度35km/h', '电压:36V', '是否可折叠:可折叠', '款式:两轮', '适用人群:通用', '最高时速:18km/h以上', '续航里程:25km(含)-35km(不含)']",电动滑板车成年折叠轻便小型锂电池代驾两轮代步车上班迷你电瓶车,zukboard旗舰店,zukboard
2019-10-22,电压:36V;颜色分类:经典色10.5AH【出口高品质保证】续航30-40km速度35km/h,5,天猫,物流很快，直接帮我送进家门，骑了快一周多了，每天骑着滑板车上下班能节省很多堵车的时间，整个车小巧很精致，客服很耐心，非常满意的一次购物,2019-09-12 17:05:08,2899.00,"['型号:ZUBOARD', '品牌:ZUKBOARD', '颜色分类:特价随机色6.4AH【出口高品质保证】续航10-15km速度25km/h经典色7.8AH【出口高品质保证】续航20-25km速度25km/h粉色7.8AH【出口高品质保证】续航20-25km速度25km/h蓝色7.8AH【出口高品质保证】续航20-25km速度25km/h黑色7.8AH【出口高品质保证】续航20-25km速度25km/h经典色10.5AH【出口高品质保证】续航30-40km速度35km/h粉色10.5AH【出口高品质保证】续航30-40km速度35km/h蓝色10.5AH【出口高品质保证】续航30-40km速度35km/h黑色10.5AH【出口高品质保证】续航30-40km速度35km/h', '电压:36V', '是否可折叠:可折叠', '款式:两轮', '适用人群:通用', '最高时速:18km/h以上', '续航里程:25km(含)-35km(不含)']",电动滑板车成年折叠轻便小型锂电池代驾两轮代步车上班迷你电瓶车,zukboard旗舰店,zukboard
2019-10-22,电压:36V;颜色分类:粉色10.5AH【出口高品质保证】续航30-40km速度35km/h,5,天猫,粉色太亮我眼了，看图片就很有感觉了，实物更胜一筹，非常的精致，非常的满意。对于短途来说很实用，主要是方便，可以折叠，放在车后备箱也不还很占空间，平时提回家，放办公室都可以，好评！,2019-08-23 19:12:45,2899.00,"['型号:ZUBOARD', '品牌:ZUKBOARD', '颜色分类:特价随机色6.4AH【出口高品质保证】续航10-15km速度25km/h经典色7.8AH【出口高品质保证】续航20-25km速度25km/h粉色7.8AH【出口高品质保证】续航20-25km速度25km/h蓝色7.8AH【出口高品质保证】续航20-25km速度25km/h黑色7.8AH【出口高品质保证】续航20-25km速度25km/h经典色10.5AH【出口高品质保证】续航30-40km速度35km/h粉色10.5AH【出口高品质保证】续航30-40km速度35km/h蓝色10.5AH【出口高品质保证】续航30-40km速度35km/h黑色10.5AH【出口高品质保证】续航30-40km速度35km/h', '电压:36V', '是否可折叠:可折叠', '款式:两轮', '适用人群:通用', '最高时速:18km/h以上', '续航里程:25km(含)-35km(不含)']",电动滑板车成年折叠轻便小型锂电池代驾两轮代步车上班迷你电瓶车,zukboard旗舰店,zukboard
2019-10-22,电压:36V;颜色分类:粉色10.5AH【出口高品质保证】续航30-40km速度35km/h,5,天猫,超级好，客服也很有耐心，回复的及时，一个人能骑很远，速度对我来说正合适。开起来声音很轻，也不颠簸，最好的还是前面的减震，相当实在啊，真的超喜欢！！！,2019-08-23 21:00:04,2899.00,"['型号:ZUBOARD', '品牌:ZUKBOARD', '颜色分类:特价随机色6.4AH【出口高品质保证】续航10-15km速度25km/h经典色7.8AH【出口高品质保证】续航20-25km速度25km/h粉色7.8AH【出口高品质保证】续航20-25km速度25km/h蓝色7.8AH【出口高品质保证】续航20-25km速度25km/h黑色7.8AH【出口高品质保证】续航20-25km速度25km/h经典色10.5AH【出口高品质保证】续航30-40km速度35km/h粉色10.5AH【出口高品质保证】续航30-40km速度35km/h蓝色10.5AH【出口高品质保证】续航30-40km速度35km/h黑色10.5AH【出口高品质保证】续航30-40km速度35km/h', '电压:36V', '是否可折叠:可折叠', '款式:两轮', '适用人群:通用', '最高时速:18km/h以上', '续航里程:25km(含)-35km(不含)']",电动滑板车成年折叠轻便小型锂电池代驾两轮代步车上班迷你电瓶车,zukboard旗舰店,zukboard
2019-10-22,电压:36V;颜色分类:蓝色7.8AH【出口高品质保证】续航20-25km速度25km/h,5,天猫,今天特地出去溜达了一圈才来评价，不错，给老公买的骑着上班用，周末的时候就被我占领了。早知道就早点买，生活方便不少，在小区楼下遛遛娃，拿个快递，交个水电煤气费，推荐、、、,2019-08-13 21:16:51,2899.00,"['型号:ZUBOARD', '品牌:ZUKBOARD', '颜色分类:特价随机色6.4AH【出口高品质保证】续航10-15km速度25km/h经典色7.8AH【出口高品质保证】续航20-25km速度25km/h粉色7.8AH【出口高品质保证】续航20-25km速度25km/h蓝色7.8AH【出口高品质保证】续航20-25km速度25km/h黑色7.8AH【出口高品质保证】续航20-25km速度25km/h经典色10.5AH【出口高品质保证】续航30-40km速度35km/h粉色10.5AH【出口高品质保证】续航30-40km速度35km/h蓝色10.5AH【出口高品质保证】续航30-40km速度35km/h黑色10.5AH【出口高品质保证】续航30-40km速度35km/h', '电压:36V', '是否可折叠:可折叠', '款式:两轮', '适用人群:通用', '最高时速:18km/h以上', '续航里程:25km(含)-35km(不含)']",电动滑板车成年折叠轻便小型锂电池代驾两轮代步车上班迷你电瓶车,zukboard旗舰店,zukboard
2019-10-22,电压:36V;颜色分类:粉色10.5AH【出口高品质保证】续航30-40km速度35km/h,5,天猫,"粉色正合我意,可以走哪带哪,骑出门很拉风,邻居已经问我要了链接,哈哈哈 真的挺实用的",2019-08-27 17:30:22,2899.00,"['型号:ZUBOARD', '品牌:ZUKBOARD', '颜色分类:特价随机色6.4AH【出口高品质保证】续航10-15km速度25km/h经典色7.8AH【出口高品质保证】续航20-25km速度25km/h粉色7.8AH【出口高品质保证】续航20-25km速度25km/h蓝色7.8AH【出口高品质保证】续航20-25km速度25km/h黑色7.8AH【出口高品质保证】续航20-25km速度25km/h经典色10.5AH【出口高品质保证】续航30-40km速度35km/h粉色10.5AH【出口高品质保证】续航30-40km速度35km/h蓝色10.5AH【出口高品质保证】续航30-40km速度35km/h黑色10.5AH【出口高品质保证】续航30-40km速度35km/h', '电压:36V', '是否可折叠:可折叠', '款式:两轮', '适用人群:通用', '最高时速:18km/h以上', '续航里程:25km(含)-35km(不含)']",电动滑板车成年折叠轻便小型锂电池代驾两轮代步车上班迷你电瓶车,zukboard旗舰店,zukboard
2019-10-22,电压:36V;颜色分类:经典色10.5AH【出口高品质保证】续航30-40km速度35km/h,5,天猫,可以折叠的滑板车很方便，平时开车上班找停车位就得花很长时间，现在真的为我节省很多时间，出门就靠滑板车了，真的很喜欢啊,2019-08-27 14:09:14,2899.00,"['型号:ZUBOARD', '品牌:ZUKBOARD', '颜色分类:特价随机色6.4AH【出口高品质保证】续航10-15km速度25km/h经典色7.8AH【出口高品质保证】续航20-25km速度25km/h粉色7.8AH【出口高品质保证】续航20-25km速度25km/h蓝色7.8AH【出口高品质保证】续航20-25km速度25km/h黑色7.8AH【出口高品质保证】续航20-25km速度25km/h经典色10.5AH【出口高品质保证】续航30-40km速度35km/h粉色10.5AH【出口高品质保证】续航30-40km速度35km/h蓝色10.5AH【出口高品质保证】续航30-40km速度35km/h黑色10.5AH【出口高品质保证】续航30-40km速度35km/h', '电压:36V', '是否可折叠:可折叠', '款式:两轮', '适用人群:通用', '最高时速:18km/h以上', '续航里程:25km(含)-35km(不含)']",电动滑板车成年折叠轻便小型锂电池代驾两轮代步车上班迷你电瓶车,zukboard旗舰店,zukboard
2019-10-22,电压:36V;颜色分类:蓝色10.5AH【出口高品质保证】续航30-40km速度35km/h,5,天猫,车子收到了，整体性价比超级高，物流也很快，有了这辆滑板车，生活质量提高了很多，一些短途都可以开着滑板车去，很方便，很满意的一次购物。,2019-08-20 15:44:35,2899.00,"['型号:ZUBOARD', '品牌:ZUKBOARD', '颜色分类:特价随机色6.4AH【出口高品质保证】续航10-15km速度25km/h经典色7.8AH【出口高品质保证】续航20-25km速度25km/h粉色7.8AH【出口高品质保证】续航20-25km速度25km/h蓝色7.8AH【出口高品质保证】续航20-25km速度25km/h黑色7.8AH【出口高品质保证】续航20-25km速度25km/h经典色10.5AH【出口高品质保证】续航30-40km速度35km/h粉色10.5AH【出口高品质保证】续航30-40km速度35km/h蓝色10.5AH【出口高品质保证】续航30-40km速度35km/h黑色10.5AH【出口高品质保证】续航30-40km速度35km/h', '电压:36V', '是否可折叠:可折叠', '款式:两轮', '适用人群:通用', '最高时速:18km/h以上', '续航里程:25km(含)-35km(不含)']",电动滑板车成年折叠轻便小型锂电池代驾两轮代步车上班迷你电瓶车,zukboard旗舰店,zukboard
2019-10-22,电压:36V;颜色分类:黑色7.8AH【出口高品质保证】续航20-25km速度25km/h,5,天猫,做了很多对比，也是咨询了很多专业人士，都说这家性价比最好！！收到小车后，绕了一圈就学会了，特别容易上手，很方便掌控。洋气，办公室同事看到也很喜欢，都问我在哪买的，没见过这么特别的滑板车。赞！,2019-08-28 20:27:05,2899.00,"['型号:ZUBOARD', '品牌:ZUKBOARD', '颜色分类:特价随机色6.4AH【出口高品质保证】续航10-15km速度25km/h经典色7.8AH【出口高品质保证】续航20-25km速度25km/h粉色7.8AH【出口高品质保证】续航20-25km速度25km/h蓝色7.8AH【出口高品质保证】续航20-25km速度25km/h黑色7.8AH【出口高品质保证】续航20-25km速度25km/h经典色10.5AH【出口高品质保证】续航30-40km速度35km/h粉色10.5AH【出口高品质保证】续航30-40km速度35km/h蓝色10.5AH【出口高品质保证】续航30-40km速度35km/h黑色10.5AH【出口高品质保证】续航30-40km速度35km/h', '电压:36V', '是否可折叠:可折叠', '款式:两轮', '适用人群:通用', '最高时速:18km/h以上', '续航里程:25km(含)-35km(不含)']",电动滑板车成年折叠轻便小型锂电池代驾两轮代步车上班迷你电瓶车,zukboard旗舰店,zukboard
2019-10-22,电压:36V;颜色分类:特价随机色6.4AH续航10-15km,5,天猫,特地玩了几天再来评价，滑板车非常酷，一带回家就被弟弟霸占了，质量超级好，折叠很方便，女孩子也可以很轻松的提起来，放进后备箱带出去玩，回头率百分百，骑上滑板车，我就是这条街上最靓的崽。,2019-06-10 09:18:46,2899.00,"['型号:ZUBOARD', '品牌:ZUKBOARD', '颜色分类:特价随机色6.4AH【出口高品质保证】续航10-15km速度25km/h经典色7.8AH【出口高品质保证】续航20-25km速度25km/h粉色7.8AH【出口高品质保证】续航20-25km速度25km/h蓝色7.8AH【出口高品质保证】续航20-25km速度25km/h黑色7.8AH【出口高品质保证】续航20-25km速度25km/h经典色10.5AH【出口高品质保证】续航30-40km速度35km/h粉色10.5AH【出口高品质保证】续航30-40km速度35km/h蓝色10.5AH【出口高品质保证】续航30-40km速度35km/h黑色10.5AH【出口高品质保证】续航30-40km速度35km/h', '电压:36V', '是否可折叠:可折叠', '款式:两轮', '适用人群:通用', '最高时速:18km/h以上', '续航里程:25km(含)-35km(不含)']",电动滑板车成年折叠轻便小型锂电池代驾两轮代步车上班迷你电瓶车,zukboard旗舰店,zukboard
2019-10-22,电压:36V;颜色分类:特价随机色6.4AH【出口高品质保证】续航10-15km速度25km/h,5,天猫,车子很好看，减震相当给力，上路平稳，续航方便我也是很满意的，我一天大概跑个七八公里，两天充一次电，大家可以参考一下,2019-08-17 16:29:04,2899.00,"['型号:ZUBOARD', '品牌:ZUKBOARD', '颜色分类:特价随机色6.4AH【出口高品质保证】续航10-15km速度25km/h经典色7.8AH【出口高品质保证】续航20-25km速度25km/h粉色7.8AH【出口高品质保证】续航20-25km速度25km/h蓝色7.8AH【出口高品质保证】续航20-25km速度25km/h黑色7.8AH【出口高品质保证】续航20-25km速度25km/h经典色10.5AH【出口高品质保证】续航30-40km速度35km/h粉色10.5AH【出口高品质保证】续航30-40km速度35km/h蓝色10.5AH【出口高品质保证】续航30-40km速度35km/h黑色10.5AH【出口高品质保证】续航30-40km速度35km/h', '电压:36V', '是否可折叠:可折叠', '款式:两轮', '适用人群:通用', '最高时速:18km/h以上', '续航里程:25km(含)-35km(不含)']",电动滑板车成年折叠轻便小型锂电池代驾两轮代步车上班迷你电瓶车,zukboard旗舰店,zukboard
2019-10-22,电压:36V;颜色分类:经典色10.5AH【出口高品质保证】续航30-40km速度35km/h,5,天猫,车子收到就骑出去试行了，现在出门轻轻松松，买的最高配，40公里没问题，车子上手很快，刹车灵敏。性价比在电动滑板车里算是较高那一档的。,2019-08-22 19:14:10,2899.00,"['型号:ZUBOARD', '品牌:ZUKBOARD', '颜色分类:特价随机色6.4AH【出口高品质保证】续航10-15km速度25km/h经典色7.8AH【出口高品质保证】续航20-25km速度25km/h粉色7.8AH【出口高品质保证】续航20-25km速度25km/h蓝色7.8AH【出口高品质保证】续航20-25km速度25km/h黑色7.8AH【出口高品质保证】续航20-25km速度25km/h经典色10.5AH【出口高品质保证】续航30-40km速度35km/h粉色10.5AH【出口高品质保证】续航30-40km速度35km/h蓝色10.5AH【出口高品质保证】续航30-40km速度35km/h黑色10.5AH【出口高品质保证】续航30-40km速度35km/h', '电压:36V', '是否可折叠:可折叠', '款式:两轮', '适用人群:通用', '最高时速:18km/h以上', '续航里程:25km(含)-35km(不含)']",电动滑板车成年折叠轻便小型锂电池代驾两轮代步车上班迷你电瓶车,zukboard旗舰店,zukboard
2019-10-22,电压:36V;颜色分类:经典色10.5AH【出口高品质保证】续航30-40km速度35km/h,5,天猫,期待已久的车子，做工精致，折叠方便，骑起来动力十足，性价比很高，值得购买，好评。,2019-08-23 19:28:39,2899.00,"['型号:ZUBOARD', '品牌:ZUKBOARD', '颜色分类:特价随机色6.4AH【出口高品质保证】续航10-15km速度25km/h经典色7.8AH【出口高品质保证】续航20-25km速度25km/h粉色7.8AH【出口高品质保证】续航20-25km速度25km/h蓝色7.8AH【出口高品质保证】续航20-25km速度25km/h黑色7.8AH【出口高品质保证】续航20-25km速度25km/h经典色10.5AH【出口高品质保证】续航30-40km速度35km/h粉色10.5AH【出口高品质保证】续航30-40km速度35km/h蓝色10.5AH【出口高品质保证】续航30-40km速度35km/h黑色10.5AH【出口高品质保证】续航30-40km速度35km/h', '电压:36V', '是否可折叠:可折叠', '款式:两轮', '适用人群:通用', '最高时速:18km/h以上', '续航里程:25km(含)-35km(不含)']",电动滑板车成年折叠轻便小型锂电池代驾两轮代步车上班迷你电瓶车,zukboard旗舰店,zukboard
2019-10-22,电压:36V;颜色分类:黑色10.5AH【出口高品质保证】续航30-40km速度35km/h,5,天猫,做工很棒，非常满意,2019-08-22 14:54:47,2899.00,"['型号:ZUBOARD', '品牌:ZUKBOARD', '颜色分类:特价随机色6.4AH【出口高品质保证】续航10-15km速度25km/h经典色7.8AH【出口高品质保证】续航20-25km速度25km/h粉色7.8AH【出口高品质保证】续航20-25km速度25km/h蓝色7.8AH【出口高品质保证】续航20-25km速度25km/h黑色7.8AH【出口高品质保证】续航20-25km速度25km/h经典色10.5AH【出口高品质保证】续航30-40km速度35km/h粉色10.5AH【出口高品质保证】续航30-40km速度35km/h蓝色10.5AH【出口高品质保证】续航30-40km速度35km/h黑色10.5AH【出口高品质保证】续航30-40km速度35km/h', '电压:36V', '是否可折叠:可折叠', '款式:两轮', '适用人群:通用', '最高时速:18km/h以上', '续航里程:25km(含)-35km(不含)']",电动滑板车成年折叠轻便小型锂电池代驾两轮代步车上班迷你电瓶车,zukboard旗舰店,zukboard
2019-10-22,电压:36V;颜色分类:蓝色10.5AH【出口高品质保证】续航30-40km速度35km/h,5,天猫,产品刚收到，造型非常漂亮！明天试骑一下！,2019-08-31 20:56:21,2899.00,"['型号:ZUBOARD', '品牌:ZUKBOARD', '颜色分类:特价随机色6.4AH【出口高品质保证】续航10-15km速度25km/h经典色7.8AH【出口高品质保证】续航20-25km速度25km/h粉色7.8AH【出口高品质保证】续航20-25km速度25km/h蓝色7.8AH【出口高品质保证】续航20-25km速度25km/h黑色7.8AH【出口高品质保证】续航20-25km速度25km/h经典色10.5AH【出口高品质保证】续航30-40km速度35km/h粉色10.5AH【出口高品质保证】续航30-40km速度35km/h蓝色10.5AH【出口高品质保证】续航30-40km速度35km/h黑色10.5AH【出口高品质保证】续航30-40km速度35km/h', '电压:36V', '是否可折叠:可折叠', '款式:两轮', '适用人群:通用', '最高时速:18km/h以上', '续航里程:25km(含)-35km(不含)']",电动滑板车成年折叠轻便小型锂电池代驾两轮代步车上班迷你电瓶车,zukboard旗舰店,zukboard
2019-10-22,电压:36V;颜色分类:黑色10.5AH【出口高品质保证】续航30-40km速度35km/h,5,天猫,质量超好哦&hellip;&hellip;客服人员也很有耐心，车车用起来很方便，我家宝贝都很喜欢。外观很漂亮，质量也很好，值得购买。好评！,2019-08-31 22:55:45,2899.00,"['型号:ZUBOARD', '品牌:ZUKBOARD', '颜色分类:特价随机色6.4AH【出口高品质保证】续航10-15km速度25km/h经典色7.8AH【出口高品质保证】续航20-25km速度25km/h粉色7.8AH【出口高品质保证】续航20-25km速度25km/h蓝色7.8AH【出口高品质保证】续航20-25km速度25km/h黑色7.8AH【出口高品质保证】续航20-25km速度25km/h经典色10.5AH【出口高品质保证】续航30-40km速度35km/h粉色10.5AH【出口高品质保证】续航30-40km速度35km/h蓝色10.5AH【出口高品质保证】续航30-40km速度35km/h黑色10.5AH【出口高品质保证】续航30-40km速度35km/h', '电压:36V', '是否可折叠:可折叠', '款式:两轮', '适用人群:通用', '最高时速:18km/h以上', '续航里程:25km(含)-35km(不含)']",电动滑板车成年折叠轻便小型锂电池代驾两轮代步车上班迷你电瓶车,zukboard旗舰店,zukboard
2019-10-22,电压:36V;颜色分类:特价随机色6.4AH【出口高品质保证】续航10-15km速度25km/h,5,天猫,出乎意料，非常不错，速度挺快，三挡很快还稳，折叠很轻松，现在都用来代步了，好评,2019-08-17 16:31:00,2899.00,"['型号:ZUBOARD', '品牌:ZUKBOARD', '颜色分类:特价随机色6.4AH【出口高品质保证】续航10-15km速度25km/h经典色7.8AH【出口高品质保证】续航20-25km速度25km/h粉色7.8AH【出口高品质保证】续航20-25km速度25km/h蓝色7.8AH【出口高品质保证】续航20-25km速度25km/h黑色7.8AH【出口高品质保证】续航20-25km速度25km/h经典色10.5AH【出口高品质保证】续航30-40km速度35km/h粉色10.5AH【出口高品质保证】续航30-40km速度35km/h蓝色10.5AH【出口高品质保证】续航30-40km速度35km/h黑色10.5AH【出口高品质保证】续航30-40km速度35km/h', '电压:36V', '是否可折叠:可折叠', '款式:两轮', '适用人群:通用', '最高时速:18km/h以上', '续航里程:25km(含)-35km(不含)']",电动滑板车成年折叠轻便小型锂电池代驾两轮代步车上班迷你电瓶车,zukboard旗舰店,zukboard
2019-10-22,电压:36V;颜色分类:黑色10.5AH【出口高品质保证】续航30-40km速度35km/h,5,天猫,宝贝收到了，非常不错，很方便，电瓶也很耐电，好评(o^^o),2019-08-26 16:46:40,2899.00,"['型号:ZUBOARD', '品牌:ZUKBOARD', '颜色分类:特价随机色6.4AH【出口高品质保证】续航10-15km速度25km/h经典色7.8AH【出口高品质保证】续航20-25km速度25km/h粉色7.8AH【出口高品质保证】续航20-25km速度25km/h蓝色7.8AH【出口高品质保证】续航20-25km速度25km/h黑色7.8AH【出口高品质保证】续航20-25km速度25km/h经典色10.5AH【出口高品质保证】续航30-40km速度35km/h粉色10.5AH【出口高品质保证】续航30-40km速度35km/h蓝色10.5AH【出口高品质保证】续航30-40km速度35km/h黑色10.5AH【出口高品质保证】续航30-40km速度35km/h', '电压:36V', '是否可折叠:可折叠', '款式:两轮', '适用人群:通用', '最高时速:18km/h以上', '续航里程:25km(含)-35km(不含)']",电动滑板车成年折叠轻便小型锂电池代驾两轮代步车上班迷你电瓶车,zukboard旗舰店,zukboard
2019-10-22,电压:36V;颜色分类:黑色10.5AH【出口高品质保证】续航30-40km速度35km/h,5,天猫,超值 信得过产品,2019-08-26 20:38:48,2899.00,"['型号:ZUBOARD', '品牌:ZUKBOARD', '颜色分类:特价随机色6.4AH【出口高品质保证】续航10-15km速度25km/h经典色7.8AH【出口高品质保证】续航20-25km速度25km/h粉色7.8AH【出口高品质保证】续航20-25km速度25km/h蓝色7.8AH【出口高品质保证】续航20-25km速度25km/h黑色7.8AH【出口高品质保证】续航20-25km速度25km/h经典色10.5AH【出口高品质保证】续航30-40km速度35km/h粉色10.5AH【出口高品质保证】续航30-40km速度35km/h蓝色10.5AH【出口高品质保证】续航30-40km速度35km/h黑色10.5AH【出口高品质保证】续航30-40km速度35km/h', '电压:36V', '是否可折叠:可折叠', '款式:两轮', '适用人群:通用', '最高时速:18km/h以上', '续航里程:25km(含)-35km(不含)']",电动滑板车成年折叠轻便小型锂电池代驾两轮代步车上班迷你电瓶车,zukboard旗舰店,zukboard
2019-10-22,电压:36V;颜色分类:黑色10.5AH【出口高品质保证】续航30-40km速度35km/h,5,天猫,速度档位多，多种路状适合，质量非常好，非常满意。,2019-08-21 13:14:04,2899.00,"['型号:ZUBOARD', '品牌:ZUKBOARD', '颜色分类:特价随机色6.4AH【出口高品质保证】续航10-15km速度25km/h经典色7.8AH【出口高品质保证】续航20-25km速度25km/h粉色7.8AH【出口高品质保证】续航20-25km速度25km/h蓝色7.8AH【出口高品质保证】续航20-25km速度25km/h黑色7.8AH【出口高品质保证】续航20-25km速度25km/h经典色10.5AH【出口高品质保证】续航30-40km速度35km/h粉色10.5AH【出口高品质保证】续航30-40km速度35km/h蓝色10.5AH【出口高品质保证】续航30-40km速度35km/h黑色10.5AH【出口高品质保证】续航30-40km速度35km/h', '电压:36V', '是否可折叠:可折叠', '款式:两轮', '适用人群:通用', '最高时速:18km/h以上', '续航里程:25km(含)-35km(不含)']",电动滑板车成年折叠轻便小型锂电池代驾两轮代步车上班迷你电瓶车,zukboard旗舰店,zukboard
2019-10-22,电压:36V;颜色分类:黑色10.5AH【出口高品质保证】续航30-40km速度35km/h,5,天猫,不错，媳妇很喜欢,2019-08-16 21:59:31,2899.00,"['型号:ZUBOARD', '品牌:ZUKBOARD', '颜色分类:特价随机色6.4AH【出口高品质保证】续航10-15km速度25km/h经典色7.8AH【出口高品质保证】续航20-25km速度25km/h粉色7.8AH【出口高品质保证】续航20-25km速度25km/h蓝色7.8AH【出口高品质保证】续航20-25km速度25km/h黑色7.8AH【出口高品质保证】续航20-25km速度25km/h经典色10.5AH【出口高品质保证】续航30-40km速度35km/h粉色10.5AH【出口高品质保证】续航30-40km速度35km/h蓝色10.5AH【出口高品质保证】续航30-40km速度35km/h黑色10.5AH【出口高品质保证】续航30-40km速度35km/h', '电压:36V', '是否可折叠:可折叠', '款式:两轮', '适用人群:通用', '最高时速:18km/h以上', '续航里程:25km(含)-35km(不含)']",电动滑板车成年折叠轻便小型锂电池代驾两轮代步车上班迷你电瓶车,zukboard旗舰店,zukboard
2019-10-22,电压:36V;颜色分类:经典色10.5AH【出口高品质保证】续航30-40km速度35km/h,5,天猫,车好！人好！服务好！,2019-08-29 17:14:28,2899.00,"['型号:ZUBOARD', '品牌:ZUKBOARD', '颜色分类:特价随机色6.4AH【出口高品质保证】续航10-15km速度25km/h经典色7.8AH【出口高品质保证】续航20-25km速度25km/h粉色7.8AH【出口高品质保证】续航20-25km速度25km/h蓝色7.8AH【出口高品质保证】续航20-25km速度25km/h黑色7.8AH【出口高品质保证】续航20-25km速度25km/h经典色10.5AH【出口高品质保证】续航30-40km速度35km/h粉色10.5AH【出口高品质保证】续航30-40km速度35km/h蓝色10.5AH【出口高品质保证】续航30-40km速度35km/h黑色10.5AH【出口高品质保证】续航30-40km速度35km/h', '电压:36V', '是否可折叠:可折叠', '款式:两轮', '适用人群:通用', '最高时速:18km/h以上', '续航里程:25km(含)-35km(不含)']",电动滑板车成年折叠轻便小型锂电池代驾两轮代步车上班迷你电瓶车,zukboard旗舰店,zukboard
2019-10-22,电压:36V;颜色分类:蓝色7.8AH【出口高品质保证】续航20-25km速度25km/h,5,天猫,产品不错，值得购买。给好评,2019-08-29 18:19:22,2899.00,"['型号:ZUBOARD', '品牌:ZUKBOARD', '颜色分类:特价随机色6.4AH【出口高品质保证】续航10-15km速度25km/h经典色7.8AH【出口高品质保证】续航20-25km速度25km/h粉色7.8AH【出口高品质保证】续航20-25km速度25km/h蓝色7.8AH【出口高品质保证】续航20-25km速度25km/h黑色7.8AH【出口高品质保证】续航20-25km速度25km/h经典色10.5AH【出口高品质保证】续航30-40km速度35km/h粉色10.5AH【出口高品质保证】续航30-40km速度35km/h蓝色10.5AH【出口高品质保证】续航30-40km速度35km/h黑色10.5AH【出口高品质保证】续航30-40km速度35km/h', '电压:36V', '是否可折叠:可折叠', '款式:两轮', '适用人群:通用', '最高时速:18km/h以上', '续航里程:25km(含)-35km(不含)']",电动滑板车成年折叠轻便小型锂电池代驾两轮代步车上班迷你电瓶车,zukboard旗舰店,zukboard
2019-10-22,电压:36V;颜色分类:特价随机色6.4AH【出口高品质保证】续航10-15km速度25km/h,5,天猫,没想到发了粉色的，车子收到还是超乎意料之外的，特价的做工以为挺粗糙的，可以说是物超所值了，粉色就给妹妹开，自己再买一辆电池好一点的上下班用，总体来说还是好评。,2019-08-06 16:39:36,2899.00,"['型号:ZUBOARD', '品牌:ZUKBOARD', '颜色分类:特价随机色6.4AH【出口高品质保证】续航10-15km速度25km/h经典色7.8AH【出口高品质保证】续航20-25km速度25km/h粉色7.8AH【出口高品质保证】续航20-25km速度25km/h蓝色7.8AH【出口高品质保证】续航20-25km速度25km/h黑色7.8AH【出口高品质保证】续航20-25km速度25km/h经典色10.5AH【出口高品质保证】续航30-40km速度35km/h粉色10.5AH【出口高品质保证】续航30-40km速度35km/h蓝色10.5AH【出口高品质保证】续航30-40km速度35km/h黑色10.5AH【出口高品质保证】续航30-40km速度35km/h', '电压:36V', '是否可折叠:可折叠', '款式:两轮', '适用人群:通用', '最高时速:18km/h以上', '续航里程:25km(含)-35km(不含)']",电动滑板车成年折叠轻便小型锂电池代驾两轮代步车上班迷你电瓶车,zukboard旗舰店,zukboard
2019-10-22,电压:36V;颜色分类:特价随机色6.4AH【出口高品质保证】续航10-15km速度25km/h,5,天猫,收到车车了！！每天骑骑骑骑不够，应该直接买个高配的，一个礼拜少充两次电。整体上车车还是很稳的。减震特别好，偶尔路上过个坎也很平稳，车身也轻，细节很好，很精致，不像我原来有个碳纤维的难道粗糙。骑这个，瞬间变身酷女孩儿！,2019-08-07 16:10:08,2899.00,"['型号:ZUBOARD', '品牌:ZUKBOARD', '颜色分类:特价随机色6.4AH【出口高品质保证】续航10-15km速度25km/h经典色7.8AH【出口高品质保证】续航20-25km速度25km/h粉色7.8AH【出口高品质保证】续航20-25km速度25km/h蓝色7.8AH【出口高品质保证】续航20-25km速度25km/h黑色7.8AH【出口高品质保证】续航20-25km速度25km/h经典色10.5AH【出口高品质保证】续航30-40km速度35km/h粉色10.5AH【出口高品质保证】续航30-40km速度35km/h蓝色10.5AH【出口高品质保证】续航30-40km速度35km/h黑色10.5AH【出口高品质保证】续航30-40km速度35km/h', '电压:36V', '是否可折叠:可折叠', '款式:两轮', '适用人群:通用', '最高时速:18km/h以上', '续航里程:25km(含)-35km(不含)']",电动滑板车成年折叠轻便小型锂电池代驾两轮代步车上班迷你电瓶车,zukboard旗舰店,zukboard
2019-10-22,电压:36V;颜色分类:经典色7.8AH【品质保证】续航20-25km,5,天猫,宝贝收到了，很不错呢，很轻便，是我喜欢的款式，以后上下班就不用走路啦，不过还是要注意安全不能开太快。,2019-07-14 20:47:35,2899.00,"['型号:ZUBOARD', '品牌:ZUKBOARD', '颜色分类:特价随机色6.4AH【出口高品质保证】续航10-15km速度25km/h经典色7.8AH【出口高品质保证】续航20-25km速度25km/h粉色7.8AH【出口高品质保证】续航20-25km速度25km/h蓝色7.8AH【出口高品质保证】续航20-25km速度25km/h黑色7.8AH【出口高品质保证】续航20-25km速度25km/h经典色10.5AH【出口高品质保证】续航30-40km速度35km/h粉色10.5AH【出口高品质保证】续航30-40km速度35km/h蓝色10.5AH【出口高品质保证】续航30-40km速度35km/h黑色10.5AH【出口高品质保证】续航30-40km速度35km/h', '电压:36V', '是否可折叠:可折叠', '款式:两轮', '适用人群:通用', '最高时速:18km/h以上', '续航里程:25km(含)-35km(不含)']",电动滑板车成年折叠轻便小型锂电池代驾两轮代步车上班迷你电瓶车,zukboard旗舰店,zukboard
2019-10-22,电压:36V;颜色分类:粉色7.8AH【出口高品质保证】续航20-25km速度25km/h,5,天猫,非常不错的代步工具，骑了几天，电池续航能力强，而且电车外观漂亮，颜值高，小巧玲珑，小女生带着也不费劲，推荐！,2019-07-30 10:55:36,2899.00,"['型号:ZUBOARD', '品牌:ZUKBOARD', '颜色分类:特价随机色6.4AH【出口高品质保证】续航10-15km速度25km/h经典色7.8AH【出口高品质保证】续航20-25km速度25km/h粉色7.8AH【出口高品质保证】续航20-25km速度25km/h蓝色7.8AH【出口高品质保证】续航20-25km速度25km/h黑色7.8AH【出口高品质保证】续航20-25km速度25km/h经典色10.5AH【出口高品质保证】续航30-40km速度35km/h粉色10.5AH【出口高品质保证】续航30-40km速度35km/h蓝色10.5AH【出口高品质保证】续航30-40km速度35km/h黑色10.5AH【出口高品质保证】续航30-40km速度35km/h', '电压:36V', '是否可折叠:可折叠', '款式:两轮', '适用人群:通用', '最高时速:18km/h以上', '续航里程:25km(含)-35km(不含)']",电动滑板车成年折叠轻便小型锂电池代驾两轮代步车上班迷你电瓶车,zukboard旗舰店,zukboard
2019-10-22,电压:36V;颜色分类:特价随机色6.4AH【出口高品质保证】续航10-15km速度25km/h,5,天猫,放店里也不占地方，中午骑出去吃个午饭，出去买个东西都很方便，对比了好几家，这个价钱能买到这个滑板车很值，,2019-08-01 14:33:06,2899.00,"['型号:ZUBOARD', '品牌:ZUKBOARD', '颜色分类:特价随机色6.4AH【出口高品质保证】续航10-15km速度25km/h经典色7.8AH【出口高品质保证】续航20-25km速度25km/h粉色7.8AH【出口高品质保证】续航20-25km速度25km/h蓝色7.8AH【出口高品质保证】续航20-25km速度25km/h黑色7.8AH【出口高品质保证】续航20-25km速度25km/h经典色10.5AH【出口高品质保证】续航30-40km速度35km/h粉色10.5AH【出口高品质保证】续航30-40km速度35km/h蓝色10.5AH【出口高品质保证】续航30-40km速度35km/h黑色10.5AH【出口高品质保证】续航30-40km速度35km/h', '电压:36V', '是否可折叠:可折叠', '款式:两轮', '适用人群:通用', '最高时速:18km/h以上', '续航里程:25km(含)-35km(不含)']",电动滑板车成年折叠轻便小型锂电池代驾两轮代步车上班迷你电瓶车,zukboard旗舰店,zukboard
2019-10-22,电压:36V;颜色分类:蓝色10.5AH【出口高品质保证】续航30-40km速度35km/h,5,天猫,质量非常好，而且还漂亮，我朋友也在问我，他也想要一辆，想要的朋友赶快下手吧。,2019-08-01 13:56:06,2899.00,"['型号:ZUBOARD', '品牌:ZUKBOARD', '颜色分类:特价随机色6.4AH【出口高品质保证】续航10-15km速度25km/h经典色7.8AH【出口高品质保证】续航20-25km速度25km/h粉色7.8AH【出口高品质保证】续航20-25km速度25km/h蓝色7.8AH【出口高品质保证】续航20-25km速度25km/h黑色7.8AH【出口高品质保证】续航20-25km速度25km/h经典色10.5AH【出口高品质保证】续航30-40km速度35km/h粉色10.5AH【出口高品质保证】续航30-40km速度35km/h蓝色10.5AH【出口高品质保证】续航30-40km速度35km/h黑色10.5AH【出口高品质保证】续航30-40km速度35km/h', '电压:36V', '是否可折叠:可折叠', '款式:两轮', '适用人群:通用', '最高时速:18km/h以上', '续航里程:25km(含)-35km(不含)']",电动滑板车成年折叠轻便小型锂电池代驾两轮代步车上班迷你电瓶车,zukboard旗舰店,zukboard
2019-10-22,电压:36V;颜色分类:黑色10.5AH【出口高品质保证】续航30-40km速度35km/h,5,天猫,关注这款电动滑板车有一段时间了，打开拿到手就感觉酷，喜欢，打开就一股浓浓的高科技感，值了，孩子肯定高兴坏了，等用一段时间再来追加,2019-08-01 14:15:21,2899.00,"['型号:ZUBOARD', '品牌:ZUKBOARD', '颜色分类:特价随机色6.4AH【出口高品质保证】续航10-15km速度25km/h经典色7.8AH【出口高品质保证】续航20-25km速度25km/h粉色7.8AH【出口高品质保证】续航20-25km速度25km/h蓝色7.8AH【出口高品质保证】续航20-25km速度25km/h黑色7.8AH【出口高品质保证】续航20-25km速度25km/h经典色10.5AH【出口高品质保证】续航30-40km速度35km/h粉色10.5AH【出口高品质保证】续航30-40km速度35km/h蓝色10.5AH【出口高品质保证】续航30-40km速度35km/h黑色10.5AH【出口高品质保证】续航30-40km速度35km/h', '电压:36V', '是否可折叠:可折叠', '款式:两轮', '适用人群:通用', '最高时速:18km/h以上', '续航里程:25km(含)-35km(不含)']",电动滑板车成年折叠轻便小型锂电池代驾两轮代步车上班迷你电瓶车,zukboard旗舰店,zukboard
2019-10-22,电压:36V;颜色分类:特价随机色6.4AH续航10-15km,5,天猫,出门逛个商场，买个电池，不要太方便哦，真的太喜欢了，符合年轻人，后悔没买最高配的，到时再买一辆!,2019-07-13 07:45:38,2899.00,"['型号:ZUBOARD', '品牌:ZUKBOARD', '颜色分类:特价随机色6.4AH【出口高品质保证】续航10-15km速度25km/h经典色7.8AH【出口高品质保证】续航20-25km速度25km/h粉色7.8AH【出口高品质保证】续航20-25km速度25km/h蓝色7.8AH【出口高品质保证】续航20-25km速度25km/h黑色7.8AH【出口高品质保证】续航20-25km速度25km/h经典色10.5AH【出口高品质保证】续航30-40km速度35km/h粉色10.5AH【出口高品质保证】续航30-40km速度35km/h蓝色10.5AH【出口高品质保证】续航30-40km速度35km/h黑色10.5AH【出口高品质保证】续航30-40km速度35km/h', '电压:36V', '是否可折叠:可折叠', '款式:两轮', '适用人群:通用', '最高时速:18km/h以上', '续航里程:25km(含)-35km(不含)']",电动滑板车成年折叠轻便小型锂电池代驾两轮代步车上班迷你电瓶车,zukboard旗舰店,zukboard
2019-10-22,电压:36V;颜色分类:特价随机色6.4AH【出口高品质保证】续航10-15km速度25km/h,5,天猫,东西已经收到了、确实不错👍很好、跑起来刚刚的、拿起来也很方便，大人小孩都可以骑的、过两天在买一个、给孩子上学用！,2019-08-07 13:50:32,2899.00,"['型号:ZUBOARD', '品牌:ZUKBOARD', '颜色分类:特价随机色6.4AH【出口高品质保证】续航10-15km速度25km/h经典色7.8AH【出口高品质保证】续航20-25km速度25km/h粉色7.8AH【出口高品质保证】续航20-25km速度25km/h蓝色7.8AH【出口高品质保证】续航20-25km速度25km/h黑色7.8AH【出口高品质保证】续航20-25km速度25km/h经典色10.5AH【出口高品质保证】续航30-40km速度35km/h粉色10.5AH【出口高品质保证】续航30-40km速度35km/h蓝色10.5AH【出口高品质保证】续航30-40km速度35km/h黑色10.5AH【出口高品质保证】续航30-40km速度35km/h', '电压:36V', '是否可折叠:可折叠', '款式:两轮', '适用人群:通用', '最高时速:18km/h以上', '续航里程:25km(含)-35km(不含)']",电动滑板车成年折叠轻便小型锂电池代驾两轮代步车上班迷你电瓶车,zukboard旗舰店,zukboard
2019-10-22,电压:36V;颜色分类:蓝色10.5AH【品质保证】续航30-40km,5,天猫,蓝色绝对酷炫，看中不要犹豫快下手，绝对值，今天看已经涨价了，哈哈哈，原先买的买值了！,2019-07-17 21:43:42,2899.00,"['型号:ZUBOARD', '品牌:ZUKBOARD', '颜色分类:特价随机色6.4AH【出口高品质保证】续航10-15km速度25km/h经典色7.8AH【出口高品质保证】续航20-25km速度25km/h粉色7.8AH【出口高品质保证】续航20-25km速度25km/h蓝色7.8AH【出口高品质保证】续航20-25km速度25km/h黑色7.8AH【出口高品质保证】续航20-25km速度25km/h经典色10.5AH【出口高品质保证】续航30-40km速度35km/h粉色10.5AH【出口高品质保证】续航30-40km速度35km/h蓝色10.5AH【出口高品质保证】续航30-40km速度35km/h黑色10.5AH【出口高品质保证】续航30-40km速度35km/h', '电压:36V', '是否可折叠:可折叠', '款式:两轮', '适用人群:通用', '最高时速:18km/h以上', '续航里程:25km(含)-35km(不含)']",电动滑板车成年折叠轻便小型锂电池代驾两轮代步车上班迷你电瓶车,zukboard旗舰店,zukboard
2019-10-22,电压:36V;颜色分类:经典色7.8AH【出口高品质保证】续航20-25km速度25km/h,5,天猫,车子很好，适合上下班用，很方便，对女生来说也很好控制，开的时候平稳舒适，上班的时候调到2档，下班不急着回家就调到1档，还能看看路边风景，不错不错~愉快的一次购物,2019-08-07 23:32:42,2899.00,"['型号:ZUBOARD', '品牌:ZUKBOARD', '颜色分类:特价随机色6.4AH【出口高品质保证】续航10-15km速度25km/h经典色7.8AH【出口高品质保证】续航20-25km速度25km/h粉色7.8AH【出口高品质保证】续航20-25km速度25km/h蓝色7.8AH【出口高品质保证】续航20-25km速度25km/h黑色7.8AH【出口高品质保证】续航20-25km速度25km/h经典色10.5AH【出口高品质保证】续航30-40km速度35km/h粉色10.5AH【出口高品质保证】续航30-40km速度35km/h蓝色10.5AH【出口高品质保证】续航30-40km速度35km/h黑色10.5AH【出口高品质保证】续航30-40km速度35km/h', '电压:36V', '是否可折叠:可折叠', '款式:两轮', '适用人群:通用', '最高时速:18km/h以上', '续航里程:25km(含)-35km(不含)']",电动滑板车成年折叠轻便小型锂电池代驾两轮代步车上班迷你电瓶车,zukboard旗舰店,zukboard
2019-10-22,电压:36V;颜色分类:经典色7.8AH【品质保证】续航20-25km,5,天猫,出去买个咖啡都骑着滑板车，方便，车子质量不错，回头率很高。,2019-07-17 10:47:39,2899.00,"['型号:ZUBOARD', '品牌:ZUKBOARD', '颜色分类:特价随机色6.4AH【出口高品质保证】续航10-15km速度25km/h经典色7.8AH【出口高品质保证】续航20-25km速度25km/h粉色7.8AH【出口高品质保证】续航20-25km速度25km/h蓝色7.8AH【出口高品质保证】续航20-25km速度25km/h黑色7.8AH【出口高品质保证】续航20-25km速度25km/h经典色10.5AH【出口高品质保证】续航30-40km速度35km/h粉色10.5AH【出口高品质保证】续航30-40km速度35km/h蓝色10.5AH【出口高品质保证】续航30-40km速度35km/h黑色10.5AH【出口高品质保证】续航30-40km速度35km/h', '电压:36V', '是否可折叠:可折叠', '款式:两轮', '适用人群:通用', '最高时速:18km/h以上', '续航里程:25km(含)-35km(不含)']",电动滑板车成年折叠轻便小型锂电池代驾两轮代步车上班迷你电瓶车,zukboard旗舰店,zukboard
2019-10-22,电压:36V;颜色分类:特价随机色6.4AH【出口高品质保证】续航10-15km速度25km/h,5,天猫,整体来说车子效果不错，动力很足，减震不错，速度不算慢，值得购买，非常方便实用。,2019-08-06 16:43:52,2899.00,"['型号:ZUBOARD', '品牌:ZUKBOARD', '颜色分类:特价随机色6.4AH【出口高品质保证】续航10-15km速度25km/h经典色7.8AH【出口高品质保证】续航20-25km速度25km/h粉色7.8AH【出口高品质保证】续航20-25km速度25km/h蓝色7.8AH【出口高品质保证】续航20-25km速度25km/h黑色7.8AH【出口高品质保证】续航20-25km速度25km/h经典色10.5AH【出口高品质保证】续航30-40km速度35km/h粉色10.5AH【出口高品质保证】续航30-40km速度35km/h蓝色10.5AH【出口高品质保证】续航30-40km速度35km/h黑色10.5AH【出口高品质保证】续航30-40km速度35km/h', '电压:36V', '是否可折叠:可折叠', '款式:两轮', '适用人群:通用', '最高时速:18km/h以上', '续航里程:25km(含)-35km(不含)']",电动滑板车成年折叠轻便小型锂电池代驾两轮代步车上班迷你电瓶车,zukboard旗舰店,zukboard
2019-10-22,电压:36V;颜色分类:粉色10.5A【品质保证】H续航30-40km,5,天猫,颜值高，为了买一辆心爱的代步车，纠结了很久，也对比了很久，这个车短途路非常方便省油省钱，客服的服务态度也不错，有问必答，上班再也不用挤公交了,2019-07-27 16:00:44,2899.00,"['型号:ZUBOARD', '品牌:ZUKBOARD', '颜色分类:特价随机色6.4AH【出口高品质保证】续航10-15km速度25km/h经典色7.8AH【出口高品质保证】续航20-25km速度25km/h粉色7.8AH【出口高品质保证】续航20-25km速度25km/h蓝色7.8AH【出口高品质保证】续航20-25km速度25km/h黑色7.8AH【出口高品质保证】续航20-25km速度25km/h经典色10.5AH【出口高品质保证】续航30-40km速度35km/h粉色10.5AH【出口高品质保证】续航30-40km速度35km/h蓝色10.5AH【出口高品质保证】续航30-40km速度35km/h黑色10.5AH【出口高品质保证】续航30-40km速度35km/h', '电压:36V', '是否可折叠:可折叠', '款式:两轮', '适用人群:通用', '最高时速:18km/h以上', '续航里程:25km(含)-35km(不含)']",电动滑板车成年折叠轻便小型锂电池代驾两轮代步车上班迷你电瓶车,zukboard旗舰店,zukboard
2019-10-22,电压:36V;颜色分类:特价随机色6.4AH【出口高品质保证】续航10-15km速度25km/h,5,天猫,滑板车收到了，挺满意的，之前一直担心骑了会倒，上手后就一点都不担心了，看来我平衡感还可以，哈哈,2019-08-07 10:37:13,2899.00,"['型号:ZUBOARD', '品牌:ZUKBOARD', '颜色分类:特价随机色6.4AH【出口高品质保证】续航10-15km速度25km/h经典色7.8AH【出口高品质保证】续航20-25km速度25km/h粉色7.8AH【出口高品质保证】续航20-25km速度25km/h蓝色7.8AH【出口高品质保证】续航20-25km速度25km/h黑色7.8AH【出口高品质保证】续航20-25km速度25km/h经典色10.5AH【出口高品质保证】续航30-40km速度35km/h粉色10.5AH【出口高品质保证】续航30-40km速度35km/h蓝色10.5AH【出口高品质保证】续航30-40km速度35km/h黑色10.5AH【出口高品质保证】续航30-40km速度35km/h', '电压:36V', '是否可折叠:可折叠', '款式:两轮', '适用人群:通用', '最高时速:18km/h以上', '续航里程:25km(含)-35km(不含)']",电动滑板车成年折叠轻便小型锂电池代驾两轮代步车上班迷你电瓶车,zukboard旗舰店,zukboard
2019-10-22,电压:36V;颜色分类:经典色10.5AH【品质保证】续航30-40km,5,天猫,特意把电池用完，再充满电测试，开了好几天，开了40多公里，很耐用，开出去一直问哪买的,2019-07-18 08:08:15,2899.00,"['型号:ZUBOARD', '品牌:ZUKBOARD', '颜色分类:特价随机色6.4AH【出口高品质保证】续航10-15km速度25km/h经典色7.8AH【出口高品质保证】续航20-25km速度25km/h粉色7.8AH【出口高品质保证】续航20-25km速度25km/h蓝色7.8AH【出口高品质保证】续航20-25km速度25km/h黑色7.8AH【出口高品质保证】续航20-25km速度25km/h经典色10.5AH【出口高品质保证】续航30-40km速度35km/h粉色10.5AH【出口高品质保证】续航30-40km速度35km/h蓝色10.5AH【出口高品质保证】续航30-40km速度35km/h黑色10.5AH【出口高品质保证】续航30-40km速度35km/h', '电压:36V', '是否可折叠:可折叠', '款式:两轮', '适用人群:通用', '最高时速:18km/h以上', '续航里程:25km(含)-35km(不含)']",电动滑板车成年折叠轻便小型锂电池代驾两轮代步车上班迷你电瓶车,zukboard旗舰店,zukboard
2019-10-22,电压:36V;颜色分类:经典色7.8AH【品质保证】续航20-25km,5,天猫,绿色出行，家里附近遛个弯，电池很耐用，回头率很高，上下班很方便，好评,2019-07-22 09:15:16,2899.00,"['型号:ZUBOARD', '品牌:ZUKBOARD', '颜色分类:特价随机色6.4AH【出口高品质保证】续航10-15km速度25km/h经典色7.8AH【出口高品质保证】续航20-25km速度25km/h粉色7.8AH【出口高品质保证】续航20-25km速度25km/h蓝色7.8AH【出口高品质保证】续航20-25km速度25km/h黑色7.8AH【出口高品质保证】续航20-25km速度25km/h经典色10.5AH【出口高品质保证】续航30-40km速度35km/h粉色10.5AH【出口高品质保证】续航30-40km速度35km/h蓝色10.5AH【出口高品质保证】续航30-40km速度35km/h黑色10.5AH【出口高品质保证】续航30-40km速度35km/h', '电压:36V', '是否可折叠:可折叠', '款式:两轮', '适用人群:通用', '最高时速:18km/h以上', '续航里程:25km(含)-35km(不含)']",电动滑板车成年折叠轻便小型锂电池代驾两轮代步车上班迷你电瓶车,zukboard旗舰店,zukboard
2019-10-22,电压:36V;颜色分类:经典色10.5AH【品质保证】续航30-40km,5,天猫,绿色出行，家里附近遛个弯，电池很耐用，回头率很高，上下班很方便，好评,2019-07-22 10:13:55,2899.00,"['型号:ZUBOARD', '品牌:ZUKBOARD', '颜色分类:特价随机色6.4AH【出口高品质保证】续航10-15km速度25km/h经典色7.8AH【出口高品质保证】续航20-25km速度25km/h粉色7.8AH【出口高品质保证】续航20-25km速度25km/h蓝色7.8AH【出口高品质保证】续航20-25km速度25km/h黑色7.8AH【出口高品质保证】续航20-25km速度25km/h经典色10.5AH【出口高品质保证】续航30-40km速度35km/h粉色10.5AH【出口高品质保证】续航30-40km速度35km/h蓝色10.5AH【出口高品质保证】续航30-40km速度35km/h黑色10.5AH【出口高品质保证】续航30-40km速度35km/h', '电压:36V', '是否可折叠:可折叠', '款式:两轮', '适用人群:通用', '最高时速:18km/h以上', '续航里程:25km(含)-35km(不含)']",电动滑板车成年折叠轻便小型锂电池代驾两轮代步车上班迷你电瓶车,zukboard旗舰店,zukboard
2019-10-22,电压:36V;颜色分类:特价随机色6.4AH续航10-15km,5,天猫,电池很耐用，去菜场买菜，方便很多，家里人都可以使用，值了,2019-07-20 15:40:56,2899.00,"['型号:ZUBOARD', '品牌:ZUKBOARD', '颜色分类:特价随机色6.4AH【出口高品质保证】续航10-15km速度25km/h经典色7.8AH【出口高品质保证】续航20-25km速度25km/h粉色7.8AH【出口高品质保证】续航20-25km速度25km/h蓝色7.8AH【出口高品质保证】续航20-25km速度25km/h黑色7.8AH【出口高品质保证】续航20-25km速度25km/h经典色10.5AH【出口高品质保证】续航30-40km速度35km/h粉色10.5AH【出口高品质保证】续航30-40km速度35km/h蓝色10.5AH【出口高品质保证】续航30-40km速度35km/h黑色10.5AH【出口高品质保证】续航30-40km速度35km/h', '电压:36V', '是否可折叠:可折叠', '款式:两轮', '适用人群:通用', '最高时速:18km/h以上', '续航里程:25km(含)-35km(不含)']",电动滑板车成年折叠轻便小型锂电池代驾两轮代步车上班迷你电瓶车,zukboard旗舰店,zukboard
2019-10-22,电压:36V;颜色分类:特价随机色6.4AH【出口高品质保证】续航10-15km速度25km/h,5,天猫,有点意思 大热天，方便行走，代步还是很方便的,2019-08-01 19:40:08,2899.00,"['型号:ZUBOARD', '品牌:ZUKBOARD', '颜色分类:特价随机色6.4AH【出口高品质保证】续航10-15km速度25km/h经典色7.8AH【出口高品质保证】续航20-25km速度25km/h粉色7.8AH【出口高品质保证】续航20-25km速度25km/h蓝色7.8AH【出口高品质保证】续航20-25km速度25km/h黑色7.8AH【出口高品质保证】续航20-25km速度25km/h经典色10.5AH【出口高品质保证】续航30-40km速度35km/h粉色10.5AH【出口高品质保证】续航30-40km速度35km/h蓝色10.5AH【出口高品质保证】续航30-40km速度35km/h黑色10.5AH【出口高品质保证】续航30-40km速度35km/h', '电压:36V', '是否可折叠:可折叠', '款式:两轮', '适用人群:通用', '最高时速:18km/h以上', '续航里程:25km(含)-35km(不含)']",电动滑板车成年折叠轻便小型锂电池代驾两轮代步车上班迷你电瓶车,zukboard旗舰店,zukboard
2019-10-22,电压:36V;颜色分类:蓝色7.8AH【品质保证】续航20-25km,5,天猫,这个滑板车携带方便小巧重量轻质量好,2019-07-18 08:52:46,2899.00,"['型号:ZUBOARD', '品牌:ZUKBOARD', '颜色分类:特价随机色6.4AH【出口高品质保证】续航10-15km速度25km/h经典色7.8AH【出口高品质保证】续航20-25km速度25km/h粉色7.8AH【出口高品质保证】续航20-25km速度25km/h蓝色7.8AH【出口高品质保证】续航20-25km速度25km/h黑色7.8AH【出口高品质保证】续航20-25km速度25km/h经典色10.5AH【出口高品质保证】续航30-40km速度35km/h粉色10.5AH【出口高品质保证】续航30-40km速度35km/h蓝色10.5AH【出口高品质保证】续航30-40km速度35km/h黑色10.5AH【出口高品质保证】续航30-40km速度35km/h', '电压:36V', '是否可折叠:可折叠', '款式:两轮', '适用人群:通用', '最高时速:18km/h以上', '续航里程:25km(含)-35km(不含)']",电动滑板车成年折叠轻便小型锂电池代驾两轮代步车上班迷你电瓶车,zukboard旗舰店,zukboard
2019-10-22,电压:36V;颜色分类:经典色7.8AH【出口高品质保证】续航20-25km速度25km/h,5,天猫,客服态度非常好，车的质量6没得说，推荐购买,2019-07-25 17:20:06,2899.00,"['型号:ZUBOARD', '品牌:ZUKBOARD', '颜色分类:特价随机色6.4AH【出口高品质保证】续航10-15km速度25km/h经典色7.8AH【出口高品质保证】续航20-25km速度25km/h粉色7.8AH【出口高品质保证】续航20-25km速度25km/h蓝色7.8AH【出口高品质保证】续航20-25km速度25km/h黑色7.8AH【出口高品质保证】续航20-25km速度25km/h经典色10.5AH【出口高品质保证】续航30-40km速度35km/h粉色10.5AH【出口高品质保证】续航30-40km速度35km/h蓝色10.5AH【出口高品质保证】续航30-40km速度35km/h黑色10.5AH【出口高品质保证】续航30-40km速度35km/h', '电压:36V', '是否可折叠:可折叠', '款式:两轮', '适用人群:通用', '最高时速:18km/h以上', '续航里程:25km(含)-35km(不含)']",电动滑板车成年折叠轻便小型锂电池代驾两轮代步车上班迷你电瓶车,zukboard旗舰店,zukboard
2019-10-22,电压:36V;颜色分类:特价随机色6.4AH【出口高品质保证】续航10-15km速度25km/h,5,天猫,滑板车非常好做工精细，容易上手。,2019-08-08 08:36:34,2899.00,"['型号:ZUBOARD', '品牌:ZUKBOARD', '颜色分类:特价随机色6.4AH【出口高品质保证】续航10-15km速度25km/h经典色7.8AH【出口高品质保证】续航20-25km速度25km/h粉色7.8AH【出口高品质保证】续航20-25km速度25km/h蓝色7.8AH【出口高品质保证】续航20-25km速度25km/h黑色7.8AH【出口高品质保证】续航20-25km速度25km/h经典色10.5AH【出口高品质保证】续航30-40km速度35km/h粉色10.5AH【出口高品质保证】续航30-40km速度35km/h蓝色10.5AH【出口高品质保证】续航30-40km速度35km/h黑色10.5AH【出口高品质保证】续航30-40km速度35km/h', '电压:36V', '是否可折叠:可折叠', '款式:两轮', '适用人群:通用', '最高时速:18km/h以上', '续航里程:25km(含)-35km(不含)']",电动滑板车成年折叠轻便小型锂电池代驾两轮代步车上班迷你电瓶车,zukboard旗舰店,zukboard
2019-10-22,电压:36V;颜色分类:特价随机色6.4AH【出口高品质保证】续航10-15km速度25km/h,5,天猫,做工扎实，用料精良，减震和刹车超级好。之前图轻便，买了个全网最轻的，但路况稍微差点就没法骑，单纯电子刹车也不安全。还是这个好，郊区路况也能一路飞奔，与小型电动车并驾齐驱。唯一美中不足的是，即使解锁限速时速仍然无法突破25。不过已经耳边生风，还是慢点安全。总之，非常满意。对了，充电器很小巧美观，携带的话也很方便。,2019-08-11 06:58:36,2899.00,"['型号:ZUBOARD', '品牌:ZUKBOARD', '颜色分类:特价随机色6.4AH【出口高品质保证】续航10-15km速度25km/h经典色7.8AH【出口高品质保证】续航20-25km速度25km/h粉色7.8AH【出口高品质保证】续航20-25km速度25km/h蓝色7.8AH【出口高品质保证】续航20-25km速度25km/h黑色7.8AH【出口高品质保证】续航20-25km速度25km/h经典色10.5AH【出口高品质保证】续航30-40km速度35km/h粉色10.5AH【出口高品质保证】续航30-40km速度35km/h蓝色10.5AH【出口高品质保证】续航30-40km速度35km/h黑色10.5AH【出口高品质保证】续航30-40km速度35km/h', '电压:36V', '是否可折叠:可折叠', '款式:两轮', '适用人群:通用', '最高时速:18km/h以上', '续航里程:25km(含)-35km(不含)']",电动滑板车成年折叠轻便小型锂电池代驾两轮代步车上班迷你电瓶车,zukboard旗舰店,zukboard
2019-10-22,电压:36V;颜色分类:蓝色10.5AH【品质保证】续航30-40km,5,天猫,车头一点都不晃，减震效果很好，质量质感见图片，精致，不愧是出口产品，颜色真的太炫酷了，喜欢，秒杀原先骑的滑板车，,2019-07-08 18:00:23,2899.00,"['型号:ZUBOARD', '品牌:ZUKBOARD', '颜色分类:特价随机色6.4AH【出口高品质保证】续航10-15km速度25km/h经典色7.8AH【出口高品质保证】续航20-25km速度25km/h粉色7.8AH【出口高品质保证】续航20-25km速度25km/h蓝色7.8AH【出口高品质保证】续航20-25km速度25km/h黑色7.8AH【出口高品质保证】续航20-25km速度25km/h经典色10.5AH【出口高品质保证】续航30-40km速度35km/h粉色10.5AH【出口高品质保证】续航30-40km速度35km/h蓝色10.5AH【出口高品质保证】续航30-40km速度35km/h黑色10.5AH【出口高品质保证】续航30-40km速度35km/h', '电压:36V', '是否可折叠:可折叠', '款式:两轮', '适用人群:通用', '最高时速:18km/h以上', '续航里程:25km(含)-35km(不含)']",电动滑板车成年折叠轻便小型锂电池代驾两轮代步车上班迷你电瓶车,zukboard旗舰店,zukboard
2019-10-22,电压:36V;颜色分类:黑色10.5AH【品质保证】续航30-40km,5,天猫,满意，很好，质量不错，值得推荐,2019-07-17 15:32:57,2899.00,"['型号:ZUBOARD', '品牌:ZUKBOARD', '颜色分类:特价随机色6.4AH【出口高品质保证】续航10-15km速度25km/h经典色7.8AH【出口高品质保证】续航20-25km速度25km/h粉色7.8AH【出口高品质保证】续航20-25km速度25km/h蓝色7.8AH【出口高品质保证】续航20-25km速度25km/h黑色7.8AH【出口高品质保证】续航20-25km速度25km/h经典色10.5AH【出口高品质保证】续航30-40km速度35km/h粉色10.5AH【出口高品质保证】续航30-40km速度35km/h蓝色10.5AH【出口高品质保证】续航30-40km速度35km/h黑色10.5AH【出口高品质保证】续航30-40km速度35km/h', '电压:36V', '是否可折叠:可折叠', '款式:两轮', '适用人群:通用', '最高时速:18km/h以上', '续航里程:25km(含)-35km(不含)']",电动滑板车成年折叠轻便小型锂电池代驾两轮代步车上班迷你电瓶车,zukboard旗舰店,zukboard
2019-10-22,电压:36V;颜色分类:特价随机色6.4AH续航10-15km,5,天猫,滑板车收到了，一直想给妈妈买个代步车，平时去菜场买菜或者出门都比较方便，速度不用太快，这个可以调档刚好满足，刹车也很不错，上手很快，妈妈一直说没必要，花那个钱浪费，收到货了还是很满意的,2019-06-10 13:48:25,2899.00,"['型号:ZUBOARD', '品牌:ZUKBOARD', '颜色分类:特价随机色6.4AH【出口高品质保证】续航10-15km速度25km/h经典色7.8AH【出口高品质保证】续航20-25km速度25km/h粉色7.8AH【出口高品质保证】续航20-25km速度25km/h蓝色7.8AH【出口高品质保证】续航20-25km速度25km/h黑色7.8AH【出口高品质保证】续航20-25km速度25km/h经典色10.5AH【出口高品质保证】续航30-40km速度35km/h粉色10.5AH【出口高品质保证】续航30-40km速度35km/h蓝色10.5AH【出口高品质保证】续航30-40km速度35km/h黑色10.5AH【出口高品质保证】续航30-40km速度35km/h', '电压:36V', '是否可折叠:可折叠', '款式:两轮', '适用人群:通用', '最高时速:18km/h以上', '续航里程:25km(含)-35km(不含)']",电动滑板车成年折叠轻便小型锂电池代驾两轮代步车上班迷你电瓶车,zukboard旗舰店,zukboard
2019-10-22,电压:36V;颜色分类:特价随机色6.4AH【出口高品质保证】续航10-15km速度25km/h,5,天猫,虽然是买来玩的，但是对品质我还是有点要求，开箱是惊喜的，不管从做工还是减震方面都比我朋友买的要好，价格还差不多，可以，挺好的,2019-08-06 17:20:16,2899.00,"['型号:ZUBOARD', '品牌:ZUKBOARD', '颜色分类:特价随机色6.4AH【出口高品质保证】续航10-15km速度25km/h经典色7.8AH【出口高品质保证】续航20-25km速度25km/h粉色7.8AH【出口高品质保证】续航20-25km速度25km/h蓝色7.8AH【出口高品质保证】续航20-25km速度25km/h黑色7.8AH【出口高品质保证】续航20-25km速度25km/h经典色10.5AH【出口高品质保证】续航30-40km速度35km/h粉色10.5AH【出口高品质保证】续航30-40km速度35km/h蓝色10.5AH【出口高品质保证】续航30-40km速度35km/h黑色10.5AH【出口高品质保证】续航30-40km速度35km/h', '电压:36V', '是否可折叠:可折叠', '款式:两轮', '适用人群:通用', '最高时速:18km/h以上', '续航里程:25km(含)-35km(不含)']",电动滑板车成年折叠轻便小型锂电池代驾两轮代步车上班迷你电瓶车,zukboard旗舰店,zukboard
2019-10-22,电压:36V;颜色分类:特价随机色6.4AH【出口高品质保证】续航10-15km速度25km/h,5,天猫,周末带小朋友出来玩一下，人巨多，车停远一点的停车场也毫无压力啊，在路上，请叫我风一样的女子，哈哈哈,2019-08-06 16:51:28,2899.00,"['型号:ZUBOARD', '品牌:ZUKBOARD', '颜色分类:特价随机色6.4AH【出口高品质保证】续航10-15km速度25km/h经典色7.8AH【出口高品质保证】续航20-25km速度25km/h粉色7.8AH【出口高品质保证】续航20-25km速度25km/h蓝色7.8AH【出口高品质保证】续航20-25km速度25km/h黑色7.8AH【出口高品质保证】续航20-25km速度25km/h经典色10.5AH【出口高品质保证】续航30-40km速度35km/h粉色10.5AH【出口高品质保证】续航30-40km速度35km/h蓝色10.5AH【出口高品质保证】续航30-40km速度35km/h黑色10.5AH【出口高品质保证】续航30-40km速度35km/h', '电压:36V', '是否可折叠:可折叠', '款式:两轮', '适用人群:通用', '最高时速:18km/h以上', '续航里程:25km(含)-35km(不含)']",电动滑板车成年折叠轻便小型锂电池代驾两轮代步车上班迷你电瓶车,zukboard旗舰店,zukboard
2019-10-22,电压:36V;颜色分类:特价随机色6.4AH续航10-15km,5,天猫,收到货之后马上就跟宝宝来了一场赛车，之前一直抱怨说我不跟他一起玩，现在满足了，睡觉前都在说再来一场,2019-06-10 14:48:15,2899.00,"['型号:ZUBOARD', '品牌:ZUKBOARD', '颜色分类:特价随机色6.4AH【出口高品质保证】续航10-15km速度25km/h经典色7.8AH【出口高品质保证】续航20-25km速度25km/h粉色7.8AH【出口高品质保证】续航20-25km速度25km/h蓝色7.8AH【出口高品质保证】续航20-25km速度25km/h黑色7.8AH【出口高品质保证】续航20-25km速度25km/h经典色10.5AH【出口高品质保证】续航30-40km速度35km/h粉色10.5AH【出口高品质保证】续航30-40km速度35km/h蓝色10.5AH【出口高品质保证】续航30-40km速度35km/h黑色10.5AH【出口高品质保证】续航30-40km速度35km/h', '电压:36V', '是否可折叠:可折叠', '款式:两轮', '适用人群:通用', '最高时速:18km/h以上', '续航里程:25km(含)-35km(不含)']",电动滑板车成年折叠轻便小型锂电池代驾两轮代步车上班迷你电瓶车,zukboard旗舰店,zukboard
2019-10-22,电压:36V;颜色分类:特价随机色6.4AH续航10-15km,5,天猫,买了好几天都没有时间    昨天特地晚上出去溜了一圈，滑板车可以直接从台阶上下来，灯光也很给力，显示屏很清楚，拍下时没活动，客服还特地联系我，给力,2019-07-02 15:18:34,2899.00,"['型号:ZUBOARD', '品牌:ZUKBOARD', '颜色分类:特价随机色6.4AH【出口高品质保证】续航10-15km速度25km/h经典色7.8AH【出口高品质保证】续航20-25km速度25km/h粉色7.8AH【出口高品质保证】续航20-25km速度25km/h蓝色7.8AH【出口高品质保证】续航20-25km速度25km/h黑色7.8AH【出口高品质保证】续航20-25km速度25km/h经典色10.5AH【出口高品质保证】续航30-40km速度35km/h粉色10.5AH【出口高品质保证】续航30-40km速度35km/h蓝色10.5AH【出口高品质保证】续航30-40km速度35km/h黑色10.5AH【出口高品质保证】续航30-40km速度35km/h', '电压:36V', '是否可折叠:可折叠', '款式:两轮', '适用人群:通用', '最高时速:18km/h以上', '续航里程:25km(含)-35km(不含)']",电动滑板车成年折叠轻便小型锂电池代驾两轮代步车上班迷你电瓶车,zukboard旗舰店,zukboard
2019-10-22,电压:36V;颜色分类:特价随机色6.4AH续航10-15km,5,天猫,不错哦，很酷，方便，不过还是要注意安全，不能开太快了。,2019-07-03 11:06:03,2899.00,"['型号:ZUBOARD', '品牌:ZUKBOARD', '颜色分类:特价随机色6.4AH【出口高品质保证】续航10-15km速度25km/h经典色7.8AH【出口高品质保证】续航20-25km速度25km/h粉色7.8AH【出口高品质保证】续航20-25km速度25km/h蓝色7.8AH【出口高品质保证】续航20-25km速度25km/h黑色7.8AH【出口高品质保证】续航20-25km速度25km/h经典色10.5AH【出口高品质保证】续航30-40km速度35km/h粉色10.5AH【出口高品质保证】续航30-40km速度35km/h蓝色10.5AH【出口高品质保证】续航30-40km速度35km/h黑色10.5AH【出口高品质保证】续航30-40km速度35km/h', '电压:36V', '是否可折叠:可折叠', '款式:两轮', '适用人群:通用', '最高时速:18km/h以上', '续航里程:25km(含)-35km(不含)']",电动滑板车成年折叠轻便小型锂电池代驾两轮代步车上班迷你电瓶车,zukboard旗舰店,zukboard
2019-10-22,电压:36V;颜色分类:特价随机色6.4AH续航10-15km,5,天猫,期待已久的车子收到了，试骑了几天，车子各方面的性价比都不错，各个细节都很精致，别看车子小巧，车子的马力还不错，骑起来也很稳，代步出行很方便，非常值得入手的车车。,2019-06-16 09:59:57,2899.00,"['型号:ZUBOARD', '品牌:ZUKBOARD', '颜色分类:特价随机色6.4AH【出口高品质保证】续航10-15km速度25km/h经典色7.8AH【出口高品质保证】续航20-25km速度25km/h粉色7.8AH【出口高品质保证】续航20-25km速度25km/h蓝色7.8AH【出口高品质保证】续航20-25km速度25km/h黑色7.8AH【出口高品质保证】续航20-25km速度25km/h经典色10.5AH【出口高品质保证】续航30-40km速度35km/h粉色10.5AH【出口高品质保证】续航30-40km速度35km/h蓝色10.5AH【出口高品质保证】续航30-40km速度35km/h黑色10.5AH【出口高品质保证】续航30-40km速度35km/h', '电压:36V', '是否可折叠:可折叠', '款式:两轮', '适用人群:通用', '最高时速:18km/h以上', '续航里程:25km(含)-35km(不含)']",电动滑板车成年折叠轻便小型锂电池代驾两轮代步车上班迷你电瓶车,zukboard旗舰店,zukboard
2019-10-22,电压:36V;颜色分类:特价随机色6.4AH续航10-15km,5,天猫,宝贝收到了，开起来很方便，平时主要是上班用，上下班高峰期的时候看着旁边堵成狗，潇洒的留给他们一道背影，折叠起来放办公室也不占地方，好评。,2019-06-10 21:46:18,2899.00,"['型号:ZUBOARD', '品牌:ZUKBOARD', '颜色分类:特价随机色6.4AH【出口高品质保证】续航10-15km速度25km/h经典色7.8AH【出口高品质保证】续航20-25km速度25km/h粉色7.8AH【出口高品质保证】续航20-25km速度25km/h蓝色7.8AH【出口高品质保证】续航20-25km速度25km/h黑色7.8AH【出口高品质保证】续航20-25km速度25km/h经典色10.5AH【出口高品质保证】续航30-40km速度35km/h粉色10.5AH【出口高品质保证】续航30-40km速度35km/h蓝色10.5AH【出口高品质保证】续航30-40km速度35km/h黑色10.5AH【出口高品质保证】续航30-40km速度35km/h', '电压:36V', '是否可折叠:可折叠', '款式:两轮', '适用人群:通用', '最高时速:18km/h以上', '续航里程:25km(含)-35km(不含)']",电动滑板车成年折叠轻便小型锂电池代驾两轮代步车上班迷你电瓶车,zukboard旗舰店,zukboard
2019-10-22,电压:36V;颜色分类:特价随机色6.4AH续航10-15km,5,天猫,车子收到了，外形很好看，材料做工都很好，就是家里一直在下雨，没有机会开出去溜达几圈，等放晴后再来图片追评,2019-07-05 21:31:53,2899.00,"['型号:ZUBOARD', '品牌:ZUKBOARD', '颜色分类:特价随机色6.4AH【出口高品质保证】续航10-15km速度25km/h经典色7.8AH【出口高品质保证】续航20-25km速度25km/h粉色7.8AH【出口高品质保证】续航20-25km速度25km/h蓝色7.8AH【出口高品质保证】续航20-25km速度25km/h黑色7.8AH【出口高品质保证】续航20-25km速度25km/h经典色10.5AH【出口高品质保证】续航30-40km速度35km/h粉色10.5AH【出口高品质保证】续航30-40km速度35km/h蓝色10.5AH【出口高品质保证】续航30-40km速度35km/h黑色10.5AH【出口高品质保证】续航30-40km速度35km/h', '电压:36V', '是否可折叠:可折叠', '款式:两轮', '适用人群:通用', '最高时速:18km/h以上', '续航里程:25km(含)-35km(不含)']",电动滑板车成年折叠轻便小型锂电池代驾两轮代步车上班迷你电瓶车,zukboard旗舰店,zukboard
2019-10-22,电压:36V;颜色分类:特价随机色6.4AH续航10-15km,5,天猫,车收到了，主要是买给孩子平时出去玩的，动力挺足的，现在刚好放暑假，报了个暑假班，有点距离，满电十几二十几公里不是问题，刚好让他自己开滑板车去学,2019-06-29 13:00:23,2899.00,"['型号:ZUBOARD', '品牌:ZUKBOARD', '颜色分类:特价随机色6.4AH【出口高品质保证】续航10-15km速度25km/h经典色7.8AH【出口高品质保证】续航20-25km速度25km/h粉色7.8AH【出口高品质保证】续航20-25km速度25km/h蓝色7.8AH【出口高品质保证】续航20-25km速度25km/h黑色7.8AH【出口高品质保证】续航20-25km速度25km/h经典色10.5AH【出口高品质保证】续航30-40km速度35km/h粉色10.5AH【出口高品质保证】续航30-40km速度35km/h蓝色10.5AH【出口高品质保证】续航30-40km速度35km/h黑色10.5AH【出口高品质保证】续航30-40km速度35km/h', '电压:36V', '是否可折叠:可折叠', '款式:两轮', '适用人群:通用', '最高时速:18km/h以上', '续航里程:25km(含)-35km(不含)']",电动滑板车成年折叠轻便小型锂电池代驾两轮代步车上班迷你电瓶车,zukboard旗舰店,zukboard
2019-10-22,电压:36V;颜色分类:经典色10.5AH续航30-40km,5,天猫,收到滑板车了，放后备箱刚刚好，去玩得时候可以把车停远一点再滑过去，终于不用开着车兜好几圈找车位了,2019-06-20 10:56:01,2899.00,"['型号:ZUBOARD', '品牌:ZUKBOARD', '颜色分类:特价随机色6.4AH【出口高品质保证】续航10-15km速度25km/h经典色7.8AH【出口高品质保证】续航20-25km速度25km/h粉色7.8AH【出口高品质保证】续航20-25km速度25km/h蓝色7.8AH【出口高品质保证】续航20-25km速度25km/h黑色7.8AH【出口高品质保证】续航20-25km速度25km/h经典色10.5AH【出口高品质保证】续航30-40km速度35km/h粉色10.5AH【出口高品质保证】续航30-40km速度35km/h蓝色10.5AH【出口高品质保证】续航30-40km速度35km/h黑色10.5AH【出口高品质保证】续航30-40km速度35km/h', '电压:36V', '是否可折叠:可折叠', '款式:两轮', '适用人群:通用', '最高时速:18km/h以上', '续航里程:25km(含)-35km(不含)']",电动滑板车成年折叠轻便小型锂电池代驾两轮代步车上班迷你电瓶车,zukboard旗舰店,zukboard
2019-10-22,电压:36V;颜色分类:特价随机色6.4AH续航10-15km,5,天猫,滑板车收到了，外观很好看，质量也很满意，家里人都觉得不错，买值了,2019-07-01 19:49:46,2899.00,"['型号:ZUBOARD', '品牌:ZUKBOARD', '颜色分类:特价随机色6.4AH【出口高品质保证】续航10-15km速度25km/h经典色7.8AH【出口高品质保证】续航20-25km速度25km/h粉色7.8AH【出口高品质保证】续航20-25km速度25km/h蓝色7.8AH【出口高品质保证】续航20-25km速度25km/h黑色7.8AH【出口高品质保证】续航20-25km速度25km/h经典色10.5AH【出口高品质保证】续航30-40km速度35km/h粉色10.5AH【出口高品质保证】续航30-40km速度35km/h蓝色10.5AH【出口高品质保证】续航30-40km速度35km/h黑色10.5AH【出口高品质保证】续航30-40km速度35km/h', '电压:36V', '是否可折叠:可折叠', '款式:两轮', '适用人群:通用', '最高时速:18km/h以上', '续航里程:25km(含)-35km(不含)']",电动滑板车成年折叠轻便小型锂电池代驾两轮代步车上班迷你电瓶车,zukboard旗舰店,zukboard
2019-10-22,电压:36V;颜色分类:特价随机色6.4AH续航10-15km,5,天猫,车子很不错，第一次上路开了好久，回来的时候以为快没电了，但还是坚持开了很长一段路，感觉电池还是挺耐用的,2019-06-20 12:20:54,2899.00,"['型号:ZUBOARD', '品牌:ZUKBOARD', '颜色分类:特价随机色6.4AH【出口高品质保证】续航10-15km速度25km/h经典色7.8AH【出口高品质保证】续航20-25km速度25km/h粉色7.8AH【出口高品质保证】续航20-25km速度25km/h蓝色7.8AH【出口高品质保证】续航20-25km速度25km/h黑色7.8AH【出口高品质保证】续航20-25km速度25km/h经典色10.5AH【出口高品质保证】续航30-40km速度35km/h粉色10.5AH【出口高品质保证】续航30-40km速度35km/h蓝色10.5AH【出口高品质保证】续航30-40km速度35km/h黑色10.5AH【出口高品质保证】续航30-40km速度35km/h', '电压:36V', '是否可折叠:可折叠', '款式:两轮', '适用人群:通用', '最高时速:18km/h以上', '续航里程:25km(含)-35km(不含)']",电动滑板车成年折叠轻便小型锂电池代驾两轮代步车上班迷你电瓶车,zukboard旗舰店,zukboard
2019-10-22,电压:36V;颜色分类:特价随机色6.4AH续航10-15km,5,天猫,收到货后一直下雨，这两天放晴了赶紧拉出来遛一遛，动力很足，上坡和家里的小台阶完全无压力，酷,2019-06-24 11:02:32,2899.00,"['型号:ZUBOARD', '品牌:ZUKBOARD', '颜色分类:特价随机色6.4AH【出口高品质保证】续航10-15km速度25km/h经典色7.8AH【出口高品质保证】续航20-25km速度25km/h粉色7.8AH【出口高品质保证】续航20-25km速度25km/h蓝色7.8AH【出口高品质保证】续航20-25km速度25km/h黑色7.8AH【出口高品质保证】续航20-25km速度25km/h经典色10.5AH【出口高品质保证】续航30-40km速度35km/h粉色10.5AH【出口高品质保证】续航30-40km速度35km/h蓝色10.5AH【出口高品质保证】续航30-40km速度35km/h黑色10.5AH【出口高品质保证】续航30-40km速度35km/h', '电压:36V', '是否可折叠:可折叠', '款式:两轮', '适用人群:通用', '最高时速:18km/h以上', '续航里程:25km(含)-35km(不含)']",电动滑板车成年折叠轻便小型锂电池代驾两轮代步车上班迷你电瓶车,zukboard旗舰店,zukboard
2019-10-22,电压:36V;颜色分类:粉色10.5AH续航30-40km,5,天猫,不错不错，已经体验过了，方便又轻松 出门旅游必备神器,2019-07-04 20:06:18,2899.00,"['型号:ZUBOARD', '品牌:ZUKBOARD', '颜色分类:特价随机色6.4AH【出口高品质保证】续航10-15km速度25km/h经典色7.8AH【出口高品质保证】续航20-25km速度25km/h粉色7.8AH【出口高品质保证】续航20-25km速度25km/h蓝色7.8AH【出口高品质保证】续航20-25km速度25km/h黑色7.8AH【出口高品质保证】续航20-25km速度25km/h经典色10.5AH【出口高品质保证】续航30-40km速度35km/h粉色10.5AH【出口高品质保证】续航30-40km速度35km/h蓝色10.5AH【出口高品质保证】续航30-40km速度35km/h黑色10.5AH【出口高品质保证】续航30-40km速度35km/h', '电压:36V', '是否可折叠:可折叠', '款式:两轮', '适用人群:通用', '最高时速:18km/h以上', '续航里程:25km(含)-35km(不含)']",电动滑板车成年折叠轻便小型锂电池代驾两轮代步车上班迷你电瓶车,zukboard旗舰店,zukboard
2019-10-22,电压:36V;颜色分类:特价随机色6.4AH续航10-15km,5,天猫,滑板车非常好用，外观挺好看的，平时去买点东西很方便,2019-06-20 11:07:50,2899.00,"['型号:ZUBOARD', '品牌:ZUKBOARD', '颜色分类:特价随机色6.4AH【出口高品质保证】续航10-15km速度25km/h经典色7.8AH【出口高品质保证】续航20-25km速度25km/h粉色7.8AH【出口高品质保证】续航20-25km速度25km/h蓝色7.8AH【出口高品质保证】续航20-25km速度25km/h黑色7.8AH【出口高品质保证】续航20-25km速度25km/h经典色10.5AH【出口高品质保证】续航30-40km速度35km/h粉色10.5AH【出口高品质保证】续航30-40km速度35km/h蓝色10.5AH【出口高品质保证】续航30-40km速度35km/h黑色10.5AH【出口高品质保证】续航30-40km速度35km/h', '电压:36V', '是否可折叠:可折叠', '款式:两轮', '适用人群:通用', '最高时速:18km/h以上', '续航里程:25km(含)-35km(不含)']",电动滑板车成年折叠轻便小型锂电池代驾两轮代步车上班迷你电瓶车,zukboard旗舰店,zukboard
2019-10-22,电压:36V;颜色分类:特价随机色6.4AH续航10-15km,5,天猫,刚开出去溜一圈就被问车哪里买的，很酷，哈哈，必须好评下，已推荐,2019-06-20 11:40:32,2899.00,"['型号:ZUBOARD', '品牌:ZUKBOARD', '颜色分类:特价随机色6.4AH【出口高品质保证】续航10-15km速度25km/h经典色7.8AH【出口高品质保证】续航20-25km速度25km/h粉色7.8AH【出口高品质保证】续航20-25km速度25km/h蓝色7.8AH【出口高品质保证】续航20-25km速度25km/h黑色7.8AH【出口高品质保证】续航20-25km速度25km/h经典色10.5AH【出口高品质保证】续航30-40km速度35km/h粉色10.5AH【出口高品质保证】续航30-40km速度35km/h蓝色10.5AH【出口高品质保证】续航30-40km速度35km/h黑色10.5AH【出口高品质保证】续航30-40km速度35km/h', '电压:36V', '是否可折叠:可折叠', '款式:两轮', '适用人群:通用', '最高时速:18km/h以上', '续航里程:25km(含)-35km(不含)']",电动滑板车成年折叠轻便小型锂电池代驾两轮代步车上班迷你电瓶车,zukboard旗舰店,zukboard
2019-10-22,电压:36V;颜色分类:特价随机色6.4AH续航10-15km,5,天猫,重新上了优惠，客服特地联系我补了差价，真的是太贴心了，车的质量真的超级好。值得购买,2019-07-01 18:13:36,2899.00,"['型号:ZUBOARD', '品牌:ZUKBOARD', '颜色分类:特价随机色6.4AH【出口高品质保证】续航10-15km速度25km/h经典色7.8AH【出口高品质保证】续航20-25km速度25km/h粉色7.8AH【出口高品质保证】续航20-25km速度25km/h蓝色7.8AH【出口高品质保证】续航20-25km速度25km/h黑色7.8AH【出口高品质保证】续航20-25km速度25km/h经典色10.5AH【出口高品质保证】续航30-40km速度35km/h粉色10.5AH【出口高品质保证】续航30-40km速度35km/h蓝色10.5AH【出口高品质保证】续航30-40km速度35km/h黑色10.5AH【出口高品质保证】续航30-40km速度35km/h', '电压:36V', '是否可折叠:可折叠', '款式:两轮', '适用人群:通用', '最高时速:18km/h以上', '续航里程:25km(含)-35km(不含)']",电动滑板车成年折叠轻便小型锂电池代驾两轮代步车上班迷你电瓶车,zukboard旗舰店,zukboard
2019-10-22,电压:36V;颜色分类:经典色7.8AH【品质保证】续航20-25km,5,天猫,挺好，客服人也很好,2019-07-07 00:37:37,2899.00,"['型号:ZUBOARD', '品牌:ZUKBOARD', '颜色分类:特价随机色6.4AH【出口高品质保证】续航10-15km速度25km/h经典色7.8AH【出口高品质保证】续航20-25km速度25km/h粉色7.8AH【出口高品质保证】续航20-25km速度25km/h蓝色7.8AH【出口高品质保证】续航20-25km速度25km/h黑色7.8AH【出口高品质保证】续航20-25km速度25km/h经典色10.5AH【出口高品质保证】续航30-40km速度35km/h粉色10.5AH【出口高品质保证】续航30-40km速度35km/h蓝色10.5AH【出口高品质保证】续航30-40km速度35km/h黑色10.5AH【出口高品质保证】续航30-40km速度35km/h', '电压:36V', '是否可折叠:可折叠', '款式:两轮', '适用人群:通用', '最高时速:18km/h以上', '续航里程:25km(含)-35km(不含)']",电动滑板车成年折叠轻便小型锂电池代驾两轮代步车上班迷你电瓶车,zukboard旗舰店,zukboard
2019-10-22,电压:36V;颜色分类:蓝色10.5AH【品质保证】续航30-40km,5,天猫,滑板车很有力气，可以从我家小区地下车库爬上来。轮子大又厚，这样缓震效果好，但是高速过坎后轮会滑动 ･&omega;･｀)，给你不安定感，老哥们骑慢点，我就人行道压弯滑倒了(๑˙ー˙๑)？！？还有就是这个底盘比我之前的高，刚好可以直接过厂里龙门吊车轨道，**了，购买目的达成Y(^_^)Y。还有就是你们要注意我第二张相片的那个线和管子间的橡胶垫，有可以能会出来，不知道是不是我骑的路太烂了。。。总之，买它超值，这个价格这个避震，相信换大电机也可以应付，高速稳如老狗，低速把避震吸收之后的抖动传给你，路感清晰，就是千万慢点，高阶玩家可能需要前后充气胎，然后降低气压才能痛快压弯吧😄。别犹豫啦，快点买它，告别那种小米前面内置减震，还有震坏控制线的风险，这个很稳啊，除了刹车线没有内走，我都挺满意啦😄。目前在贴吧看，感觉它是这个价位最强滑板车啦，还有就是这么强大结果有点重，感觉15kg左右，눈_눈不说了我去练臂力。。。但是，还是😁有了单手移动的可能，比那些重到只能停电梯的好很多吧😄，况且轮胎看着挺耐磨，性价比超高，。,2019-07-18 07:31:54,2899.00,"['型号:ZUBOARD', '品牌:ZUKBOARD', '颜色分类:特价随机色6.4AH【出口高品质保证】续航10-15km速度25km/h经典色7.8AH【出口高品质保证】续航20-25km速度25km/h粉色7.8AH【出口高品质保证】续航20-25km速度25km/h蓝色7.8AH【出口高品质保证】续航20-25km速度25km/h黑色7.8AH【出口高品质保证】续航20-25km速度25km/h经典色10.5AH【出口高品质保证】续航30-40km速度35km/h粉色10.5AH【出口高品质保证】续航30-40km速度35km/h蓝色10.5AH【出口高品质保证】续航30-40km速度35km/h黑色10.5AH【出口高品质保证】续航30-40km速度35km/h', '电压:36V', '是否可折叠:可折叠', '款式:两轮', '适用人群:通用', '最高时速:18km/h以上', '续航里程:25km(含)-35km(不含)']",电动滑板车成年折叠轻便小型锂电池代驾两轮代步车上班迷你电瓶车,zukboard旗舰店,zukboard
2019-10-22,电压:36V;颜色分类:特价随机色6.4AH续航10-15km,5,天猫,宝贝收到了，老婆超级喜欢，轻便、快捷、洋气，上下班代步，对于不会开车骑自行车的人就是福音啊&hellip;&hellip;祝老板生意兴隆，财源滚滚,2019-05-13 21:21:30,2899.00,"['型号:ZUBOARD', '品牌:ZUKBOARD', '颜色分类:特价随机色6.4AH【出口高品质保证】续航10-15km速度25km/h经典色7.8AH【出口高品质保证】续航20-25km速度25km/h粉色7.8AH【出口高品质保证】续航20-25km速度25km/h蓝色7.8AH【出口高品质保证】续航20-25km速度25km/h黑色7.8AH【出口高品质保证】续航20-25km速度25km/h经典色10.5AH【出口高品质保证】续航30-40km速度35km/h粉色10.5AH【出口高品质保证】续航30-40km速度35km/h蓝色10.5AH【出口高品质保证】续航30-40km速度35km/h黑色10.5AH【出口高品质保证】续航30-40km速度35km/h', '电压:36V', '是否可折叠:可折叠', '款式:两轮', '适用人群:通用', '最高时速:18km/h以上', '续航里程:25km(含)-35km(不含)']",电动滑板车成年折叠轻便小型锂电池代驾两轮代步车上班迷你电瓶车,zukboard旗舰店,zukboard
2019-10-22,电压:36V;颜色分类:黑色10.5AH续航30-40km,5,天猫,车子很好玩。孩子很喜欢！ 快递很快！喜欢的下手吧！,2019-06-04 16:08:00,2899.00,"['型号:ZUBOARD', '品牌:ZUKBOARD', '颜色分类:特价随机色6.4AH【出口高品质保证】续航10-15km速度25km/h经典色7.8AH【出口高品质保证】续航20-25km速度25km/h粉色7.8AH【出口高品质保证】续航20-25km速度25km/h蓝色7.8AH【出口高品质保证】续航20-25km速度25km/h黑色7.8AH【出口高品质保证】续航20-25km速度25km/h经典色10.5AH【出口高品质保证】续航30-40km速度35km/h粉色10.5AH【出口高品质保证】续航30-40km速度35km/h蓝色10.5AH【出口高品质保证】续航30-40km速度35km/h黑色10.5AH【出口高品质保证】续航30-40km速度35km/h', '电压:36V', '是否可折叠:可折叠', '款式:两轮', '适用人群:通用', '最高时速:18km/h以上', '续航里程:25km(含)-35km(不含)']",电动滑板车成年折叠轻便小型锂电池代驾两轮代步车上班迷你电瓶车,zukboard旗舰店,zukboard
2019-10-22,电压:36V;颜色分类:特价随机色6.4AH续航10-15km,5,天猫,买了之后才发现上了优惠价，联系客服马上申请安排返了差价，滑板车滑了几天，主要是上下班用，挺方便的，车也不重，折好直接提到办公室去,2019-06-29 21:54:34,2899.00,"['型号:ZUBOARD', '品牌:ZUKBOARD', '颜色分类:特价随机色6.4AH【出口高品质保证】续航10-15km速度25km/h经典色7.8AH【出口高品质保证】续航20-25km速度25km/h粉色7.8AH【出口高品质保证】续航20-25km速度25km/h蓝色7.8AH【出口高品质保证】续航20-25km速度25km/h黑色7.8AH【出口高品质保证】续航20-25km速度25km/h经典色10.5AH【出口高品质保证】续航30-40km速度35km/h粉色10.5AH【出口高品质保证】续航30-40km速度35km/h蓝色10.5AH【出口高品质保证】续航30-40km速度35km/h黑色10.5AH【出口高品质保证】续航30-40km速度35km/h', '电压:36V', '是否可折叠:可折叠', '款式:两轮', '适用人群:通用', '最高时速:18km/h以上', '续航里程:25km(含)-35km(不含)']",电动滑板车成年折叠轻便小型锂电池代驾两轮代步车上班迷你电瓶车,zukboard旗舰店,zukboard
2019-10-22,电压:36V;颜色分类:粉色10.5AH【出口高品质保证】续航30-40km速度35km/h,5,天猫,除了好看，没毛病哈。精致的小马儿，我还买了一个小包包放在车头还可以装电池手机之类的，女孩子慢慢开，车子动力很足，666。续航没测，不过颜值在线，建议还是买续航里程较长的，感觉更便利。,2019-09-29 13:17:51,2899.00,"['型号:ZUBOARD', '品牌:ZUKBOARD', '颜色分类:特价随机色6.4AH【出口高品质保证】续航10-15km速度25km/h经典色7.8AH【出口高品质保证】续航20-25km速度25km/h粉色7.8AH【出口高品质保证】续航20-25km速度25km/h蓝色7.8AH【出口高品质保证】续航20-25km速度25km/h黑色7.8AH【出口高品质保证】续航20-25km速度25km/h经典色10.5AH【出口高品质保证】续航30-40km速度35km/h粉色10.5AH【出口高品质保证】续航30-40km速度35km/h蓝色10.5AH【出口高品质保证】续航30-40km速度35km/h黑色10.5AH【出口高品质保证】续航30-40km速度35km/h', '电压:36V', '是否可折叠:可折叠', '款式:两轮', '适用人群:通用', '最高时速:18km/h以上', '续航里程:25km(含)-35km(不含)']",电动滑板车成年折叠轻便小型锂电池代驾两轮代步车上班迷你电瓶车,zukboard旗舰店,zukboard
2019-10-22,电压:36V;颜色分类:黑色7.8AH【出口高品质保证】续航20-25km速度25km/h,5,天猫,宝贝已经收到了，很喜欢，小巧便捷，速度也正好，又拍了一辆给家里人用,2019-09-11 21:41:40,2899.00,"['型号:ZUBOARD', '品牌:ZUKBOARD', '颜色分类:特价随机色6.4AH【出口高品质保证】续航10-15km速度25km/h经典色7.8AH【出口高品质保证】续航20-25km速度25km/h粉色7.8AH【出口高品质保证】续航20-25km速度25km/h蓝色7.8AH【出口高品质保证】续航20-25km速度25km/h黑色7.8AH【出口高品质保证】续航20-25km速度25km/h经典色10.5AH【出口高品质保证】续航30-40km速度35km/h粉色10.5AH【出口高品质保证】续航30-40km速度35km/h蓝色10.5AH【出口高品质保证】续航30-40km速度35km/h黑色10.5AH【出口高品质保证】续航30-40km速度35km/h', '电压:36V', '是否可折叠:可折叠', '款式:两轮', '适用人群:通用', '最高时速:18km/h以上', '续航里程:25km(含)-35km(不含)']",电动滑板车成年折叠轻便小型锂电池代驾两轮代步车上班迷你电瓶车,zukboard旗舰店,zukboard
2019-10-22,电压:36V;颜色分类:经典色10.5AH【品质保证】续航30-40km,5,天猫,滑板车很方便，绕了好几圈没车位，直接开回地下停车室，滑板车走起，解决了困扰，质量没得说，还轻便，我家孩子都能提起来,2019-07-10 21:14:36,2899.00,"['型号:ZUBOARD', '品牌:ZUKBOARD', '颜色分类:特价随机色6.4AH【出口高品质保证】续航10-15km速度25km/h经典色7.8AH【出口高品质保证】续航20-25km速度25km/h粉色7.8AH【出口高品质保证】续航20-25km速度25km/h蓝色7.8AH【出口高品质保证】续航20-25km速度25km/h黑色7.8AH【出口高品质保证】续航20-25km速度25km/h经典色10.5AH【出口高品质保证】续航30-40km速度35km/h粉色10.5AH【出口高品质保证】续航30-40km速度35km/h蓝色10.5AH【出口高品质保证】续航30-40km速度35km/h黑色10.5AH【出口高品质保证】续航30-40km速度35km/h', '电压:36V', '是否可折叠:可折叠', '款式:两轮', '适用人群:通用', '最高时速:18km/h以上', '续航里程:25km(含)-35km(不含)']",电动滑板车成年折叠轻便小型锂电池代驾两轮代步车上班迷你电瓶车,zukboard旗舰店,zukboard
2019-10-22,电压:36V;颜色分类:蓝色10.5AH【出口高品质保证】续航30-40km速度35km/h,5,天猫,很好,2019-09-06 15:01:30,2899.00,"['型号:ZUBOARD', '品牌:ZUKBOARD', '颜色分类:特价随机色6.4AH【出口高品质保证】续航10-15km速度25km/h经典色7.8AH【出口高品质保证】续航20-25km速度25km/h粉色7.8AH【出口高品质保证】续航20-25km速度25km/h蓝色7.8AH【出口高品质保证】续航20-25km速度25km/h黑色7.8AH【出口高品质保证】续航20-25km速度25km/h经典色10.5AH【出口高品质保证】续航30-40km速度35km/h粉色10.5AH【出口高品质保证】续航30-40km速度35km/h蓝色10.5AH【出口高品质保证】续航30-40km速度35km/h黑色10.5AH【出口高品质保证】续航30-40km速度35km/h', '电压:36V', '是否可折叠:可折叠', '款式:两轮', '适用人群:通用', '最高时速:18km/h以上', '续航里程:25km(含)-35km(不含)']",电动滑板车成年折叠轻便小型锂电池代驾两轮代步车上班迷你电瓶车,zukboard旗舰店,zukboard
2019-10-22,电压:36V;颜色分类:经典色7.8AH【出口高品质保证】续航20-25km速度25km/h,5,天猫,OK,2019-10-19 11:23:51,2899.00,"['型号:ZUBOARD', '品牌:ZUKBOARD', '颜色分类:特价随机色6.4AH【出口高品质保证】续航10-15km速度25km/h经典色7.8AH【出口高品质保证】续航20-25km速度25km/h粉色7.8AH【出口高品质保证】续航20-25km速度25km/h蓝色7.8AH【出口高品质保证】续航20-25km速度25km/h黑色7.8AH【出口高品质保证】续航20-25km速度25km/h经典色10.5AH【出口高品质保证】续航30-40km速度35km/h粉色10.5AH【出口高品质保证】续航30-40km速度35km/h蓝色10.5AH【出口高品质保证】续航30-40km速度35km/h黑色10.5AH【出口高品质保证】续航30-40km速度35km/h', '电压:36V', '是否可折叠:可折叠', '款式:两轮', '适用人群:通用', '最高时速:18km/h以上', '续航里程:25km(含)-35km(不含)']",电动滑板车成年折叠轻便小型锂电池代驾两轮代步车上班迷你电瓶车,zukboard旗舰店,zukboard
2019-10-22,电压:36V;颜色分类:黑色10.5AH【出口高品质保证】续航30-40km速度35km/h,5,天猫,车子成熟稳重大气，比普通的拉风多了，很喜欢,2019-10-21 06:09:11,2899.00,"['型号:ZUBOARD', '品牌:ZUKBOARD', '颜色分类:特价随机色6.4AH【出口高品质保证】续航10-15km速度25km/h经典色7.8AH【出口高品质保证】续航20-25km速度25km/h粉色7.8AH【出口高品质保证】续航20-25km速度25km/h蓝色7.8AH【出口高品质保证】续航20-25km速度25km/h黑色7.8AH【出口高品质保证】续航20-25km速度25km/h经典色10.5AH【出口高品质保证】续航30-40km速度35km/h粉色10.5AH【出口高品质保证】续航30-40km速度35km/h蓝色10.5AH【出口高品质保证】续航30-40km速度35km/h黑色10.5AH【出口高品质保证】续航30-40km速度35km/h', '电压:36V', '是否可折叠:可折叠', '款式:两轮', '适用人群:通用', '最高时速:18km/h以上', '续航里程:25km(含)-35km(不含)']",电动滑板车成年折叠轻便小型锂电池代驾两轮代步车上班迷你电瓶车,zukboard旗舰店,zukboard
